,Cartera_seleccionada,Indice_DJ,date
0,1.0,1.0,2018-06-12
1,1.0033533065747373,0.9999376013447875,2018-06-13
2,1.0031709743194326,0.9952172086389666,2018-06-14
3,1.0047247949876736,0.9941948425390374,2018-06-15
4,0.9997245554260079,0.9908448291993002,2018-06-18
5,0.9962656727548103,0.9867768842369194,2018-06-19
6,0.9935539565780648,0.975432747014795,2018-06-20
7,0.9976224340534363,0.9737579331714258,2018-06-21
8,0.9902872324622292,0.9660137124322878,2018-06-22
9,0.9897753150494468,0.9707206844137491,2018-06-25
10,0.9740950005111286,0.957764132003468,2018-06-26
11,0.9764545748305905,0.9589610446506728,2018-06-27
12,0.9652099530685238,0.9524245348427071,2018-06-28
13,0.9756983811124904,0.9563128426382275,2018-06-29
14,0.9784715249083077,0.9584990323580606,2018-07-02
15,0.9801450045181489,0.9599116021622175,2018-07-03
16,0.9819709361602846,0.9546846156771184,2018-07-05
17,0.9837660892269398,0.9618687911313386,2018-07-06
18,0.9925029457067811,0.9658076194697073,2018-07-09
19,0.9934922555208162,0.978449016249335,2018-07-10
20,0.9973398774772226,0.9840989869435637,2018-07-11
21,0.9925002141421979,0.9754421569479671,2018-07-12
22,1.0115808619282392,0.9843055426897432,2018-07-13
23,1.002904350653887,0.9880382009349311,2018-07-16
24,1.005421903067482,0.9898132845579991,2018-07-17
25,1.007161245542927,0.9920062617706119,2018-07-18
26,1.0057017325819753,0.9951417749123934,2018-07-19
27,1.0026243309630671,0.9898188379611824,2018-07-20
28,1.0055899788835336,0.9895668522917394,2018-07-23
29,1.0122625392579032,0.9890206905147799,2018-07-24
30,1.0178702451402264,0.9968260758195342,2018-07-25
31,1.0397479580963764,1.003624829666712,2018-07-26
32,1.036355640823717,1.0080861406879111,2018-07-27
33,1.019817145675165,1.0050844491367277,2018-07-30
34,1.0163980042385683,0.9993886628662366,2018-07-31
35,1.0251862436939727,1.003667868541383,2018-08-01
36,1.020384448875473,1.0004545306244352,2018-08-02
37,1.0285545398780134,1.000152024412144,2018-08-03
38,1.0362033631895409,1.0055393654141616,2018-08-06
39,1.0418006437425176,1.007103188324464,2018-08-07
40,1.0483428268291781,1.012107884421031,2018-08-08
41,1.052962749811827,1.010324470693188,2018-08-09
42,1.0494279586108988,1.0073816297896276,2018-08-10
43,1.0476618932234127,0.9996378718340884,2018-08-13
44,1.0483272147335296,0.9946840819333685,2018-08-14
45,1.0533218350232327,0.9991157748042565,2018-08-15
46,1.050923259490795,0.9936853949275682,2018-08-16
47,1.068936858262781,1.0093364277101557,2018-08-17
48,1.0754269590293044,1.0137037165302372,2018-08-20
49,1.08155815724922,1.0172329813838359,2018-08-21
50,1.0699859362637836,1.0197445851040916,2018-08-22
51,1.0745862804891368,1.016242161699212,2018-08-23
52,1.0761296158124853,1.013216405400901,2018-08-24
53,1.0816334721547356,1.0184832684060805,2018-08-27
54,1.0874652577988693,1.0287228954395227,2018-08-28
55,1.0905575544452755,1.029290730915017,2018-08-29
56,1.1014171508586728,1.0316819337690344,2018-08-30
57,1.0971954470223326,1.026246000489163,2018-08-31
58,1.0974787360503617,1.0253732677527845,2018-09-04
59,1.09774111678055,1.0248859566234483,2018-09-05
60,1.0872752589317107,1.025774886785778,2018-09-06
61,1.0922011432971503,1.0265994128973013,2018-09-07
62,1.0901773894503521,1.0234665993265115,2018-09-10
63,1.0936872008252247,1.021118126824766,2018-09-11
64,1.0970610819028181,1.0256197000190441,2018-09-12
65,1.1016466099780264,1.0267198908941393,2018-09-13
66,1.1134310790091801,1.0325278250566934,2018-09-14
67,1.1117462609737687,1.032870593442064,2018-09-17
68,1.107788392924441,1.0292156828414425,2018-09-18
69,1.1140551628387754,1.036515245672916,2018-09-19
70,1.1053733546181614,1.042786349087079,2018-09-20
71,1.1192608678568128,1.0527072724822786,2018-09-21
72,1.1297021329101355,1.0561240037908155,2018-09-24
73,1.1284279575344673,1.0489584168111394,2018-09-25
74,1.1272484238836136,1.046200380824624,2018-09-26
75,1.123538341186668,1.0419775576179087,2018-09-27
76,1.1264091291788079,1.044135748930026,2018-09-28
77,1.1299319206360352,1.0448616250044458,2018-10-01
78,1.138851172062404,1.0524794286905634,2018-10-02
79,1.1395957772721634,1.057326084188205,2018-10-03
80,1.1386575266259418,1.059476408179146,2018-10-04
81,1.1241461900576073,1.0515422919033783,2018-10-05
82,1.1190175266015274,1.0444169670967813,2018-10-08
83,1.1122901378986507,1.0459858806266686,2018-10-09
84,1.121337980601394,1.0437661390959363,2018-10-10
85,1.0766224152513144,1.0109164480464101,2018-10-11
86,1.0533057370551555,0.9893579826275675,2018-10-12
87,1.0854868832803606,1.0006981861891038,2018-10-15
88,1.0689349661530527,0.9971661446339133,2018-10-16
89,1.0983952571968318,1.0188019720443235,2018-10-17
90,1.101482068050102,1.015179070642606,2018-10-18
91,1.092310323930356,1.002256455696223,2018-10-19
92,1.0925920891055694,1.0048190427429256,2018-10-22
93,1.1003243389889645,0.9998064793251823,2018-10-23
94,1.090105010616454,0.9948314013789264,2018-10-24
95,1.0520137787148145,0.9708205685404502,2018-10-25
96,1.0807651414905821,0.986661573990267,2018-10-26
97,1.0689074974947002,0.9749627902704078,2018-10-29
98,1.06056037286587,0.9652721017155166,2018-10-30
99,1.073145020943257,0.9823211266189047,2018-10-31
100,1.0967872690490605,0.9918431305521024,2018-11-01
101,1.090508144579821,1.0023074390226698,2018-11-02
102,1.0857525109060078,0.9979669916513076,2018-11-05
103,1.0998636438946732,1.0055045795136663,2018-11-06
104,1.104392964529392,1.0123487632841077,2018-11-07
105,1.1388547464594403,1.033882778302824,2018-11-08
106,1.144444803482393,1.0343140154861288,2018-11-09
107,1.1233951908399866,1.026340022690281,2018-11-12
108,1.1014736939636298,1.0025617386101062,2018-11-13
109,1.0972968514783572,0.9985854248002504,2018-11-14
110,1.0816055205196062,0.9904506918344854,2018-11-15
111,1.1130336737372821,0.9986951816437206,2018-11-16
112,1.1192428954379363,1.0035901208968172,2018-11-19
113,1.103191933316689,0.9879603761597658,2018-11-20
114,1.075274176947795,0.9661693619826217,2018-11-21
115,1.0776082670923426,0.9661317993805345,2018-11-23
116,1.0799311668923288,0.9590731925427372,2018-11-26
117,1.103842501746501,0.9730644519489102,2018-11-27
118,1.114988437587068,0.977348825374241,2018-11-28
119,1.1425564118575025,1.001742303118168,2018-11-29
120,1.1431249687004434,1.0006527562658407,2018-11-30
121,1.1568053937187268,1.0085359663457611,2018-12-03
122,1.1674030166152018,1.0199081019756016,2018-12-04
123,1.1389504838107727,0.9883407071472237,2018-12-05
124,1.1446801494247767,0.9852051168748424,2018-12-06
125,1.1503890968391204,0.9631407518521192,2018-12-07
126,1.1115160913102167,0.9644957050982492,2018-12-10
127,1.1280385079480562,0.9624019178369385,2018-12-11
128,1.131873338539098,0.9686031409277114,2018-12-12
129,1.1406233997487685,0.9713718980675947,2018-12-13
130,1.1471878141632765,0.9517500277477348,2018-12-14
131,1.1097025967434162,0.9317072557449392,2018-12-17
132,1.079624430743732,0.9349715769883337,2018-12-18
133,1.0779567827975567,0.9210715630816865,2018-12-19
134,1.0667791754812903,0.9027454097073345,2018-12-20
135,1.0525956583948683,0.8863870893248716,2018-12-21
136,1.0331567179091121,0.8605928427585524,2018-12-24
137,1.0423903620338504,0.9034897971256985,2018-12-26
138,1.0516196747008548,0.9137720773808127,2018-12-27
139,1.0639497021472497,0.9107541884036778,2018-12-28
140,1.0599764886992644,0.9212216592288357,2018-12-31
141,1.0625202838257741,0.921963269945608,2019-01-02
142,1.0650632004497083,0.8958985263659012,2019-01-03
143,1.029182945146427,0.9253958130270973,2019-01-04
144,1.070924226859768,0.9292733996692498,2019-01-07
145,1.0698599429052549,0.9393869953026706,2019-01-08
146,1.077981919710874,0.9430071200027965,2019-01-09
147,1.0783977580096964,0.9478566293326296,2019-01-10
148,1.0709910066959527,0.9476208410891378,2019-01-11
149,1.0723114790008432,0.9442203072065523,2019-01-14
150,1.0601009736997444,0.9503710097544767,2019-01-15
151,1.0824169448826133,0.9559617441480832,2019-01-16
152,1.08372917230427,0.9623963644337549,2019-01-17
153,1.0931136322091541,0.975675168489868,2019-01-18
154,1.0952614329888897,0.9637540943814765,2019-01-22
155,1.0973959630964856,0.9705125089249756,2019-01-23
156,1.1046346230700224,0.9696287465128303,2019-01-24
157,1.0930102461440543,0.9768934463132086,2019-01-25
158,1.099396361067064,0.9686407035297981,2019-01-28
159,1.089080161148646,0.9706839702482605,2019-01-29
160,1.08489661062226,0.9878584866374716,2019-01-30
161,1.1035741321733434,0.9872586419630733,2019-01-31
162,1.1067133691481068,0.9897947732140552,2019-02-01
163,1.1112866176850555,0.9967245719502394,2019-02-04
164,1.1240680337728461,1.0035229401444186,2019-02-05
165,1.1299650347246835,1.0026849933085356,2019-02-06
166,1.1287097578410876,0.9939665359637241,2019-02-07
167,1.1170610882254628,0.9914707440164209,2019-02-08
168,1.1257758133553553,0.9893690123033341,2019-02-11
169,1.123464579765576,1.0040852993473293,2019-02-12
170,1.1405759024633684,1.0087258618823898,2019-02-13
171,1.1396162107814447,1.0046235938031123,2019-02-14
172,1.1467492975376647,1.0221519853840606,2019-02-15
173,1.1546823314494616,1.0224706890223034,2019-02-19
174,1.1625919935836566,1.024963318615016,2019-02-20
175,1.1597108479812672,1.02086382723733,2019-02-21
176,1.1680974716508032,1.028018770194238,2019-02-22
177,1.1837501819488119,1.0303936984917041,2019-02-25
178,1.1894040321645891,1.0290522431005336,2019-02-26
179,1.196959806876342,1.0261765058187717,2019-02-27
180,1.1988883867437592,1.0234453112809756,2019-02-28
181,1.2031050944910067,1.0278019560782892,2019-03-01
182,1.2038822045894118,1.0196403816638049,2019-03-04
183,1.1995917908034976,1.0191262290857492,2019-03-05
184,1.2003129918752704,1.0138672334017462,2019-03-06
185,1.1987744150014965,1.005959958574698,2019-03-07
186,1.1894388218747174,1.0050520542848254,2019-03-08
187,1.1849657921766323,1.0129755265378249,2019-03-11
188,1.2051283545828613,1.0091756875402387,2019-03-12
189,1.2115088119608997,1.0150294372790551,2019-03-13
190,1.2198832416964738,1.015307801613619,2019-03-14
191,1.220814537922739,1.020794255436339,2019-03-15
192,1.2294510177747617,1.023370263207401,2019-03-18
193,1.2366028919310825,1.0223151166025706,2019-03-19
194,1.2381802563151956,1.0167188288057807,2019-03-20
195,1.2381936693650974,1.0252820222532586,2019-03-21
196,1.2573203984273833,1.0071087417276474,2019-03-22
197,1.2336107481626348,1.0076817449533262,2019-03-25
198,1.2359755870798743,1.0132460235512122,2019-03-26
199,1.2436092583985174,1.0119767624014249,2019-03-27
200,1.235750898670844,1.0156048315533268,2019-03-28
201,1.2397226303409397,1.0239460431346714,2019-03-29
202,1.2508716329565028,1.0369677709017566,2019-04-01
203,1.2629871204069782,1.033836577073562,2019-04-02
204,1.2655073710203528,1.0353767208897358,2019-04-03
205,1.2707098852551693,1.041951950258785,2019-04-04
206,1.2580526335074735,1.0435457769723975,2019-04-05
207,1.256860673762696,1.0402297010965582,2019-04-08
208,1.2580926659759073,1.0327090819661486,2019-04-09
209,1.2526998839284416,1.0329689349567681,2019-04-10
210,1.2608320439295237,1.0324117435040419,2019-04-11
211,1.2545689777293827,1.0430446594657028,2019-04-12
212,1.2597659540333483,1.0419574265313687,2019-04-15
213,1.2573693279010913,1.0446384861793152,2019-04-16
214,1.2541128555236158,1.0445152314808854,2019-04-17
215,1.2332572865382938,1.048859226859837,2019-04-18
216,1.2354467693359013,1.0469443825899887,2019-04-22
217,1.2376088375771717,1.0526839790411482,2019-04-23
218,1.2521736507235908,1.0503405971589872,2019-04-24
219,1.2528691509498016,1.0450104870619976,2019-04-25
220,1.271658883118957,1.0482191200123596,2019-04-26
221,1.2723116533780316,1.0486559105988478,2019-04-29
222,1.2746473959460023,1.0501770802874786,2019-04-30
223,1.2866825720118498,1.0437491703639867,2019-05-01
224,1.2749681555438932,1.0389174010721003,2019-05-02
225,1.2688434257652517,1.0467034265963127,2019-05-03
226,1.280410990100154,1.0440785180249974,2019-05-06
227,1.272434477638924,1.0253839117755523,2019-05-07
228,1.246440762902797,1.0254723805734867,2019-05-08
229,1.2480565210016252,1.0199843070081718,2019-05-09
230,1.2445422965025503,1.0244866515084476,2019-05-10
231,1.252638152900304,1.0001058231828828,2019-05-13
232,1.2186565033679981,1.0082828237173207,2019-05-14
233,1.2302184709510038,1.012862530209164,2019-05-15
234,1.2384589776736252,1.0213396459073005,2019-05-16
235,1.283876455837347,1.0174426994846062,2019-05-17
236,1.2820181947064397,1.0141215329891824,2019-05-20
237,1.2741352906101666,1.0219182025361628,2019-05-21
238,1.2836288973828591,1.0179406546367107,2019-05-22
239,1.2879072014421027,1.0066407903788532,2019-05-23
240,1.2715458252424638,1.0104010613787582,2019-05-24
241,1.2685075176697682,1.0010053973679809,2019-05-28
242,1.2654646827753524,0.992263723712639,2019-05-29
243,1.2507891907606747,0.9939804194716825,2019-05-30
244,1.2581642084284133,0.9799674092363748,2019-05-31
245,1.2367960424629,0.9801546052020125,2019-06-03
246,1.2274801113588762,1.0003897409206304,2019-06-04
247,1.2544533870432955,1.008579776526429,2019-06-05
248,1.2786049092880432,1.0157311714757478,2019-06-06
249,1.2867655217807843,1.0261282991939167,2019-06-07
250,1.3106119446141784,1.0292378193235763,2019-06-10
251,1.318535043315322,1.0286782368222571,2019-06-11
252,1.324917215253783,1.0269532880890386,2019-06-12
253,1.3170966627915346,1.0309789654827464,2019-06-13
254,1.3180561801573634,1.0303012960331819,2019-06-14
255,1.3067448494376928,1.031206423621463,2019-06-17
256,1.3159678493313942,1.0451470853541882,2019-06-18
257,1.335008395302798,1.0466659411248258,2019-06-19
258,1.3419707321412238,1.0565058773902687,2019-06-20
259,1.3523426297467616,1.0551616452975066,2019-06-21
260,1.3492648742668976,1.055493692529509,2019-06-24
261,1.3581066068862298,1.0484122550341803,2019-06-25
262,1.333675558185603,1.0479620437233328,2019-06-26
263,1.3305974274757795,1.0475576479887476,2019-06-27
264,1.326048137250651,1.050455521752643,2019-06-28
265,1.3175962384624231,1.0550944645451086,2019-07-01
266,1.3280297431500863,1.0578292070904938,2019-07-02
267,1.3435888495993018,1.0649107217164224,2019-07-03
268,1.3477812948527494,1.0631778285314277,2019-07-05
269,1.351962966694492,1.0585977363865855,2019-07-08
270,1.340156888364743,1.0577032528210724,2019-07-09
271,1.344077323852302,1.0607325571269728,2019-07-10
272,1.3547120073908778,1.0697317698549411,2019-07-11
273,1.337520208552579,1.0793655360272032,2019-07-12
274,1.3371981162710678,1.080436957188585,2019-07-15
275,1.344843597511889,1.0795077648531761,2019-07-16
276,1.3391375537926433,1.0749354628989103,2019-07-17
277,1.3351291235795661,1.07505871759734,2019-07-18
278,1.343925085540262,1.0723428720488979,2019-07-19
279,1.3345908337699317,1.0730419066745982,2019-07-22
280,1.342370271518965,1.0800432054767677,2019-07-23
281,1.3495132148088018,1.0769147883501649,2019-07-24
282,1.3488544306290822,1.071820852149666,2019-07-25
283,1.3423686475571157,1.0738533977147606,2019-07-26
284,1.3435764157317995,1.0749946991995323,2019-07-29
285,1.3515930765994508,1.0740733741852997,2019-07-30
286,1.3500405612318231,1.06089329729689,2019-07-31
287,1.3269184910312732,1.0498023027032053,2019-08-01
288,1.3363793468389853,1.045916000303279,2019-08-02
289,1.3195778336456034,1.0156158612290944,2019-08-05
290,1.2819498032959558,1.0279282960007103,2019-08-06
291,1.3065204071738423,1.0270417568869732,2019-08-07
292,1.3057591060470688,1.0416975735407499,2019-08-08
293,1.3266728045229588,1.0381137773531148,2019-08-09
294,1.3209662135363243,1.0226728483242964,2019-08-12
295,1.3047782151175722,1.037816438891008,2019-08-13
296,1.3291585742542054,1.0062043854453644,2019-08-14
297,1.2828639826718806,1.0101523151945055,2019-08-15
298,1.2453749580972546,1.0222609709215336,2019-08-16
299,1.2673141642378345,1.0321249719341041,2019-08-19
300,1.293854787280859,1.0252792455516673,2019-08-20
301,1.2825005627780244,1.0347685461105633,2019-08-21
302,1.301046955581666,1.0367237296840903,2019-08-22
303,1.2916963697991988,1.0121074987680325,2019-08-23
304,1.2551093641116151,1.022767256178413,2019-08-26
305,1.2705985508164823,1.017991637963158,2019-08-27
306,1.2669423885015392,1.0281881489913298,2019-08-28
307,1.2718450546607578,1.041068110716041,2019-08-29
308,1.2846458109599936,1.042688393225374,2019-08-30
309,1.277760964462928,1.0314232377374124,2019-09-03
310,1.2708601295021744,1.0408003904042453,2019-09-04
311,1.280348302862689,1.0555178344072371,2019-09-05
312,1.2980215187754602,1.0582549680012152,2019-09-06
313,1.301201545198284,1.059757549215302,2019-09-09
314,1.2784342522813417,1.0626767110247335,2019-09-10
315,1.2704107677916483,1.0716652025993338,2019-09-11
316,1.2839678042027618,1.0734584890439471,2019-09-12
317,1.2895272513727654,1.0749224278275498,2019-09-13
318,1.2861513198100716,1.069287111947277,2019-09-16
319,1.279450648033354,1.0706290301220462,2019-09-17
320,1.2805671653365547,1.0720617310127427,2019-09-18
321,1.2861116588263113,1.0699967134651456,2019-09-19
322,1.2976059621922758,1.063689281538492,2019-09-20
323,1.3023431730837725,1.064278482190122,2019-09-23
324,1.295755657198491,1.0586620633067927,2019-09-24
325,1.283779170850171,1.0650967607230641,2019-09-25
326,1.2916561501816435,1.0619536116519055,2019-09-26
327,1.2894841338768677,1.0591549278393122,2019-09-27
328,1.2790261641253542,1.0629689588672557,2019-09-30
329,1.2945566647929632,1.0493923535654373,2019-10-01
330,1.2709665653266058,1.0298672821482866,2019-10-02
331,1.2429317789988883,1.034701751011165,2019-10-03
332,1.2580816505253474,1.0494192721447566,2019-10-04
333,1.279297467489523,1.0456399498867088,2019-10-07
334,1.275393214672272,1.033240588929154,2019-10-08
335,1.2530747419185468,1.0404267697789682,2019-10-09
336,1.2695021355853597,1.0463764699838967,2019-10-10
337,1.2637897046209952,1.0590103850953467,2019-10-11
338,1.2722057843898091,1.0578560485392141,2019-10-14
339,1.2689258627632531,1.0672328155530482,2019-10-15
340,1.2796439242314646,1.066331621625355,2019-10-16
341,1.2771458589397944,1.0672754687747201,2019-10-17
342,1.2738697722388574,1.0571783790896498,2019-10-18
343,1.2685090044741751,1.059446790028836,2019-10-21
344,1.2770043829869735,1.0578852810365265,2019-10-22
345,1.255890229168828,1.0596959218660877,2019-10-23
346,1.2622432079321149,1.058573594508859,2019-10-24
347,1.2633251772877463,1.0645971858283654,2019-10-25
348,1.2685167287829198,1.069836050425829,2019-10-28
349,1.2810385155127015,1.0690754655815138,2019-10-29
350,1.2927096072432704,1.073625939576045,2019-10-30
351,1.3066696517394802,1.0680790924937067,2019-10-31
352,1.3046996743184338,1.079970934104786,2019-11-01
353,1.292735790141768,1.0845025111023743,2019-11-04
354,1.294071410256052,1.0857078309849537,2019-11-05
355,1.2913081608884007,1.085705054283362,2019-11-06
356,1.2964256650151063,1.0929018791559442,2019-11-07
357,1.296447858827933,1.0931561787433801,2019-11-08
358,1.308901812886531,1.0935609601309642,2019-11-11
359,1.3012094814859527,1.0935609601309642,2019-11-12
360,1.3108688539769993,1.0971980535630392,2019-11-13
361,1.3160310149557188,1.0971337266428325,2019-11-14
362,1.2847322287172882,1.105937413300388,2019-11-15
363,1.2937458164040867,1.1071746652512717,2019-11-18
364,1.2914724148795413,1.103138652357195,2019-11-19
365,1.2973275269992488,1.0986789610785912,2019-11-20
366,1.2945716141782109,1.0965148307102919,2019-11-21
367,1.292831971374372,1.100832370293523,2019-11-22
368,1.2931947903176015,1.1083692639804839,2019-11-25
369,1.3049486139655038,1.1105495146441346,2019-11-26
370,1.314233860328139,1.1122207804799145,2019-11-27
371,1.312896091777879,1.1077745099256702,2019-11-29
372,1.3115573132244145,1.097176302733905,2019-12-02
373,1.2996844686390183,1.0861098356709464,2019-12-03
374,1.2966108658397402,1.0919137590423127,2019-12-04
375,1.3007480301893,1.0930198889735903,2019-12-05
376,1.2977154716212345,1.1063390323333824,2019-12-06
377,1.3066345636527381,1.1021742884682924,2019-12-09
378,1.3054740481482419,1.1010733262871994,2019-12-10
379,1.3086591174575484,1.1022414692206906,2019-12-11
380,1.3114973351680326,1.1109590781289047,2019-12-12
381,1.332557163235886,1.1110905858015097,2019-12-13
382,1.3308133193518892,1.115059803596187,2019-12-16
383,1.3408402896308145,1.1162946644984777,2019-12-17
384,1.3415463137184138,1.1151936251867849,2019-12-18
385,1.3455611086051282,1.1206307925562529,2019-12-19
386,1.3632309140502339,1.123716170808185,2019-12-20
387,1.372139868096801,1.1275246484329453,2019-12-23
388,1.379204416499109,1.1260998148634251,2019-12-24
389,1.378847395691303,1.1302835328560583,2019-12-26
390,1.3784778330954037,1.131226145915827,2019-12-27
391,1.379354358586023,1.123994612273349,2019-12-30
392,1.37129744232574,1.1270077191532983,2019-12-31
393,1.3822136343998,1.1400539744511102,2020-01-02
394,1.3931257138698925,1.1308162739086582,2020-01-03
395,1.3757810833791224,1.1335213983037327,2020-01-06
396,1.3805632747033538,1.128794295235732,2020-01-07
397,1.3611299960564491,1.1351685222617849,2020-01-08
398,1.3655916126632275,1.1435331044148593,2020-01-09
399,1.3733699549929534,1.1382756513428516,2020-01-10
400,1.3701818848059901,1.1415645001169725,2020-01-13
401,1.3837119343165953,1.1428526582637033,2020-01-14
402,1.3808969089446812,1.1464285871301618,2020-01-15
403,1.3942375131000948,1.1569892317198396,2020-01-16
404,1.4109929025879484,1.158981900764854,2020-01-17
405,1.407140573561864,1.152976897919892,2020-01-21
406,1.403274458001499,1.1525910906598509,2020-01-22
407,1.4019512780900076,1.1515572321005565,2020-01-23
408,1.3984794847872912,1.144829592666365,2020-01-24
409,1.3787745135954401,1.1269035157130112,2020-01-27
410,1.358746791615807,1.1342902361222231,2020-01-28
411,1.3712734401519713,1.1347483147542472,2020-01-29
412,1.3767579960470977,1.1396842874864206,2020-01-30
413,1.3876635488389069,1.1158550972103987,2020-01-31
414,1.3627332356135056,1.121533143442943,2020-02-03
415,1.3894421308777187,1.1376383211969663,2020-02-04
416,1.4209457873359461,1.1567210486244455,2020-02-05
417,1.4150608904195443,1.1602325734400976,2020-02-06
418,1.4263528940610413,1.149283344888787,2020-02-07
419,1.4166659144892055,1.1561670195263096,2020-02-10
420,1.4410966648536743,1.1561480453987667,2020-02-11
421,1.4305086606729196,1.1670111962007361,2020-02-12
422,1.4277843817563476,1.1619520459007329,2020-02-13
423,1.393011943832472,1.1609556728129258,2020-02-14
424,1.3952666343239428,1.1544045081910042,2020-02-18
425,1.3974506635872948,1.158979124063263,2020-02-19
426,1.3919770962101192,1.1539223648118524,2020-02-20
427,1.3932771481121649,1.1449354158492473,2020-02-21
428,1.3722987669091768,1.1041962671412193,2020-02-24
429,1.3242419228502482,1.0694663634611408,2020-02-25
430,1.2985642274401725,1.0645785973538227,2020-02-26
431,1.2963190588637346,1.0175469800554962,2020-02-27
432,1.2340909637376847,1.0034376337010777,2020-02-28
433,1.2349130727134467,1.054537273092385,2020-03-02
434,1.3009479421252714,1.0235009995740116,2020-03-03
435,1.2563275422415339,1.0698415266984143,2020-03-04
436,1.3061447615125523,1.0315519687084282,2020-03-05
437,1.268780211223821,1.0214225613020549,2020-03-06
438,1.2612151030992134,0.9418974420639321,2020-03-09
439,1.197929279335151,0.9879888373510829,2020-03-10
440,1.2630112379055394,0.9301371081254577,2020-03-11
441,1.1978933016524005,0.8372308325253293,2020-03-12
442,1.0943475132934428,0.9156202036818636,2020-03-13
443,1.206261688177517,0.797262141378387,2020-03-16
444,1.0692340889480614,0.8386825846741683,2020-03-17
445,1.140749404305095,0.78582560169774,2020-03-18
446,1.127544252384755,0.7932605287318069,2020-03-19
447,1.1349796165883304,0.757197114112334,2020-03-20
448,1.1029713600928557,0.7342114240753784,2020-03-23
449,1.0634220309500138,0.8176548549123313,2020-03-24
450,1.1507687868427967,0.8372281329543372,2020-03-25
451,1.1332440600868527,0.8906047447814047,2020-03-26
452,1.2154561571163094,0.8544551752819907,2020-03-27
453,1.171330308475686,0.881731563453458,2020-03-30
454,1.2422947662250619,0.8655276585317313,2020-03-31
455,1.2253553016908592,0.8270773603718282,2020-04-01
456,1.183999834275854,0.845635291198484,2020-04-02
457,1.223726452458949,0.8313826361896961,2020-04-03
458,1.2090952832967807,0.8956524797526425,2020-04-06
459,1.2849819235547821,0.8946205494583422,2020-04-07
460,1.2628677629342533,0.9254120104530509,2020-04-08
461,1.2948811551997705,0.9366984539865487,2020-04-09
462,1.2898335008258026,0.923721770489728,2020-04-13
463,1.284769222945042,0.9457967795352191,2020-04-14
464,1.3343982798320217,0.9282071462580549,2020-04-15
465,1.312502670754851,0.9295233799431012,2020-04-16
466,1.3303837568302728,0.9573569595672948,2020-04-17
467,1.3472212243043755,0.9339763608595254,2020-04-20
468,1.3370174231899514,0.9090355643796425,2020-04-21
469,1.273388890676272,0.9270804995872391,2020-04-22
470,1.308143929502114,0.9286379977883608,2020-04-23
471,1.3063116417970868,0.9389060088825177,2020-04-24
472,1.3266394407999205,0.9530638703841905,2020-04-27
473,1.3448368388058831,0.9517911383574136,2020-04-28
474,1.313036148415489,0.9728124662794698,2020-04-29
475,1.3392215188191383,0.9614336202874495,2020-04-30
476,1.3259084152097673,0.9368690668732363,2020-05-01
477,1.2899363582337593,0.9378986061189438,2020-05-04
478,1.3004879020051,0.9431639265121279,2020-05-05
479,1.3127810843241594,0.9345371774504408,2020-05-06
480,1.3088258927719376,0.9428796231213817,2020-05-07
481,1.3050930112796963,0.9608649363753574,2020-05-08
482,1.3292908157329018,0.9565473967921264,2020-05-11
483,1.3463921780671109,0.9384917404311619,2020-05-12
484,1.3310425318143848,0.918082520948867,2020-05-13
485,1.315319165739441,0.9329851555219025,2020-05-14
486,1.3492380863051465,0.9353577699013756,2020-05-15
487,1.3585808669533568,0.9713714352839978,2020-05-18
488,1.3706484587966228,0.9559498660357211,2020-05-19
489,1.350486565733109,0.9705236157313445,2020-05-20
490,1.3600074410575316,0.966504185916218,2020-05-21
491,1.3445764123690245,0.9661503878550808,2020-05-22
492,1.3453865829308989,0.987078542012617,2020-05-26
493,1.3461738093922584,1.0089233162178,2020-05-27
494,1.3596593264300716,1.003093322703712,2020-05-28
495,1.3647369044957465,1.0024009984401916,2020-05-29
496,1.3957019782399938,1.006030610204089,2020-06-01
497,1.3786803666942646,1.016599584898542,2020-06-02
498,1.3932346076233533,1.0374207589141995,2020-06-03
499,1.4067972086142713,1.0378918726175843,2020-06-04
500,1.3969107810375383,1.0706361261372273,2020-06-05
501,1.4214984965253292,1.0888595415526878,2020-06-08
502,1.4310931396200335,1.0770068051556911,2020-06-09
503,1.3990046875943494,1.0658581168733796,2020-06-10
504,1.3663875276233433,0.9923332183830333,2020-06-11
505,1.3720661096057782,1.0111849396642068,2020-06-12
506,1.3630421059611162,1.0174095333267092,2020-06-15
507,1.3644799278390753,1.0382141242634164,2020-06-16
508,1.3941159512180334,1.0314860220456263,2020-06-17
509,1.3885195673483983,1.029925747142913,2020-06-18
510,1.3896427691953046,1.0216864250838624,2020-06-19
511,1.3919374025465967,1.0277482731808538,2020-06-22
512,1.396336175927517,1.0329270530410979,2020-06-23
513,1.4048846800513222,1.0048822127041388,2020-06-24
514,1.380439397039581,1.0167160521041925,2020-06-25
515,1.3953323021572044,0.9878857908697928,2020-06-26
516,1.3888513005600869,1.0108003664937621,2020-06-29
517,1.3979533227603165,1.0193730470050115,2020-06-30
518,1.4222137726826705,1.0162963073802533,2020-07-01
519,1.4239335413389431,1.019944816141094,2020-07-02
520,1.4271297026608232,1.0380975799271668,2020-07-06
521,1.4504367581003172,1.0224256447520421,2020-07-07
522,1.4313619826665729,1.0294194618860342,2020-07-08
523,1.438888546143129,1.0151557772014794,2020-07-09
524,1.4439935041184857,1.0297362372592829,2020-07-10
525,1.4423724776180444,1.0301508913636372,2020-07-13
526,1.4238843566636636,1.0521389742231895,2020-07-14
527,1.4357508923366376,1.0611235321372017,2020-07-15
528,1.4437653301222122,1.0557769160918618,2020-07-16
529,1.4275617220197085,1.0532984013989066,2020-07-17
530,1.4380341473429956,1.0536506568480484,2020-07-20
531,1.4581319189069484,1.0599506842371245,2020-07-21
532,1.4489201250747061,1.0664840316904995,2020-07-22
533,1.4539550285417968,1.0525236245242338,2020-07-23
534,1.4337160413388939,1.0453189323304752,2020-07-24
535,1.41473172835045,1.049855599947648,2020-07-27
536,1.4399275962398672,1.0417406124154238,2020-07-28
537,1.430984613599082,1.0480706436078095,2020-07-29
538,1.4381980867431692,1.0391488700020088,2020-07-30
539,1.432876134468268,1.0436772846450064,2020-07-31
540,1.449822530904079,1.053000291630802,2020-08-03
541,1.4914706414734618,1.0594795705337396,2020-08-04
542,1.4841450999311134,1.0742115922200877,2020-08-05
543,1.4796230786919298,1.0815356054516878,2020-08-06
544,1.4885419903256367,1.0833719307709717,2020-08-07
545,1.4759512761865188,1.0975080414435097,2020-08-10
546,1.4686008741178624,1.0933800888745093,2020-08-11
547,1.4516145501235833,1.1048296636265174,2020-08-12
548,1.4853535171110814,1.1016656892934213,2020-08-13
549,1.43396467617604,1.103020179755953,2020-08-14
550,1.4316178886946014,1.0996196458733674,2020-08-17
551,1.4374836980275159,1.0969800824880962,2020-08-18
552,1.4378580099135425,1.0936158771180016,2020-08-19
553,1.4352095382495487,1.0954660088146442,2020-08-20
554,1.4513700251432766,1.1029929526542348,2020-08-21
555,1.4468823173922678,1.11792566816118,2020-08-24
556,1.4500973519786624,1.1155553676996999,2020-08-25
557,1.4553358486459886,1.1188520837949973,2020-08-26
558,1.4683838956210338,1.1251844289053763,2020-08-27
559,1.4824674291288236,1.1315661375996071,2020-08-28
560,1.4855184907539096,1.122727356519157,2020-08-31
561,1.4762447179091696,1.1312419576887809,2020-09-01
562,1.4729791965168892,1.1492039775016267,2020-09-02
563,1.5015361612418887,1.1173044583106464,2020-09-03
564,1.4448955042931597,1.1110088273657572,2020-09-04
565,1.4351979354945255,1.0860340162913764,2020-09-08
566,1.3889887741898639,1.1033934147282323,2020-09-09
567,1.418821651784163,1.08736444200678,2020-09-10
568,1.3916717597819666,1.0925401366430334,2020-09-11
569,1.3973305216743372,1.1054808772803622,2020-09-14
570,1.4044395306042614,1.1055705030372929,2020-09-15
571,1.4150653414506338,1.1070230264921297,2020-09-16
572,1.4121648855359012,1.101873401998598,2020-09-17
573,1.4070549920429851,1.0922154939486084,2020-09-18
574,1.3956550642126184,1.0720861814128726,2020-09-21
575,1.3771186311101746,1.0776338769318083,2020-09-22
576,1.390421854361082,1.056899243449091,2020-09-23
577,1.3611693976524957,1.0589649551720859,2020-09-24
578,1.3648090996610098,1.073123279457357,2020-09-25
579,1.3811835247653836,1.0893184686213102,2020-09-28
580,1.3919708403536355,1.0841293532606973,2020-09-29
581,1.3814897123301368,1.0971233911424658,2020-09-30
582,1.3981050579017442,1.0985135159420902,2020-10-01
583,1.388484173306974,1.0932181917455963,2020-10-02
584,1.3637412440627827,1.1116142254433383,2020-10-05
585,1.3790177125858902,1.0967703643873263,2020-10-06
586,1.3601412168251052,1.1177282138257734,2020-10-07
587,1.380863227748836,1.1225480278746958,2020-10-08
588,1.3895949095170788,1.1289214835947512,2020-10-09
589,1.4011067906849717,1.138818650765222,2020-10-12
590,1.4191812581966037,1.13259058622573,2020-10-13
591,1.4179146134533873,1.1260425839583987,2020-10-14
592,1.4134516297205224,1.1252606339379476,2020-10-15
593,1.4033511156490501,1.1296880074952487,2020-10-16
594,1.381881529372703,1.1134615804383894,2020-10-19
595,1.3787786443154022,1.117938626101941,2020-10-20
596,1.3765070672564987,1.1140697552175622,2020-10-21
597,1.3783083506578824,1.120105533171832,2020-10-22
598,1.3835587782259942,1.118996240885964,2020-10-23
599,1.3719053796047873,1.0933196956148912,2020-10-26
600,1.3504472922014754,1.084545164324048,2020-10-27
601,1.3221189358672925,1.0472957896025377,2020-10-28
602,1.2998710598999248,1.0527913448360302,2020-10-29
603,1.3023400725378074,1.0465711476177144,2020-10-30
604,1.2962334183675035,1.0632936015616836,2020-11-02
605,1.304552080973448,1.0852101843552506,2020-11-03
606,1.3240023123459281,1.0997282457578412,2020-11-04
607,1.3652016522671178,1.1211528124554861,2020-11-05
608,1.3870220487592084,1.1185156401188077,2020-11-06
609,1.3910633274844604,1.1514735453998088,2020-11-09
610,1.3891019846008905,1.1618576380466172,2020-11-10
611,1.3832665751204865,1.1609379327749798,2020-11-11
612,1.4023521335837759,1.148401125088638,2020-11-12
613,1.3851916584442763,1.1641832798908316,2020-11-13
614,1.427193391770259,1.1827688234722045,2020-11-16
615,1.4365365677729105,1.1761703006620252,2020-11-17
616,1.4308846042716783,1.1625487282205418,2020-11-18
617,1.409674374834234,1.164318335571026,2020-11-19
618,1.4117713354598544,1.1556402175298932,2020-11-20
619,1.405339265873216,1.1685848918278101,2020-11-23
620,1.4113866533481998,1.1865520793908404,2020-11-24
621,1.4299223031811508,1.1796897699294533,2020-11-25
622,1.4282383088891104,1.1811864120873576,2020-11-27
623,1.4323167667230428,1.1704556173945908,2020-11-30
624,1.4364901443893359,1.1777724574804125,2020-12-01
625,1.4539740426227654,1.1801367417551107,2020-12-02
626,1.4576511186985366,1.1835223123013412,2020-12-03
627,1.4552809648839664,1.1933452798348352,2020-12-04
628,1.4614402675104818,1.1874820430322472,2020-12-07
629,1.4643406301066584,1.1915927183468997,2020-12-08
630,1.472442188494306,1.1874434006017633,2020-12-09
631,1.468127273622823,1.1846967799440136,2020-12-10
632,1.4583039051451072,1.1865571700104252,2020-12-11
633,1.4644549829540572,1.179258532746149,2020-12-14
634,1.4501912626541222,1.192596958755883,2020-12-15
635,1.4562410468483171,1.190828894017394,2020-12-16
636,1.4639951758280882,1.1967063228503394,2020-12-17
637,1.4653368409752412,1.1917968830444863,2020-12-18
638,1.4684713116196955,1.1932737797688502,2020-12-21
639,1.469918943340286,1.1853385065340862,2020-12-22
640,1.4716196404964688,1.1898531147997253,2020-12-23
641,1.4638658109536264,1.192619018107417,2020-12-24
642,1.471824336370324,1.2006791657832059,2020-12-28
643,1.482775359057986,1.197981908709308,2020-12-29
644,1.483874211555497,1.200899913559743,2020-12-30
645,1.471608659888479,1.2086764520201838,2020-12-31
646,1.4835888095245058,1.1935676473539676,2021-01-04
647,1.4592635644089358,1.2001906205642736,2021-01-05
648,1.4607952476258566,1.2174797530247408,2021-01-06
649,1.4605047704158667,1.2258411728232248,2021-01-07
650,1.4901906814610681,1.2280858275376823,2021-01-08
651,1.4884690655431754,1.224560033561073,2021-01-11
652,1.4987323491685012,1.2269294855859556,2021-01-12
653,1.486362048886226,1.2266049200221305,2021-01-13
654,1.4804875605153907,1.2238819784585098,2021-01-14
655,1.469610687820015,1.2168818366153369,2021-01-15
656,1.4790113921724164,1.221473035566546,2021-01-19
657,1.4840701715427442,1.231656203000958,2021-01-20
658,1.4994273039836405,1.2311676577820254,2021-01-21
659,1.4905370877512918,1.2240976356154623,2021-01-22
660,1.48773256467154,1.222637244839449,2021-01-25
661,1.499510922284159,1.2217304975085725,2021-01-26
662,1.5026178959548362,1.1966984555291635,2021-01-27
663,1.4888683647267846,1.2085531973217543,2021-01-28
664,1.5032818082153094,1.1840396272339881,2021-01-29
665,1.474798331550382,1.193094528254989,2021-02-01
666,1.501988194998798,1.2118752122537757,2021-02-02
667,1.5090911357019328,1.2133015884352911,2021-02-03
668,1.5128517594253608,1.2264228146760776,2021-02-04
669,1.5186901599132565,1.230071014914519,2021-02-05
670,1.5264486960938726,1.239450867152344,2021-02-08
671,1.5310154495856998,1.239058735183122,2021-02-09
672,1.5291633737066341,1.241506011983171,2021-02-10
673,1.5129157929268933,1.2412255651224133,2021-02-11
674,1.519003703157773,1.2423195084189274,2021-02-12
675,1.5187144857493433,1.2448607302894938,2021-02-16
676,1.5026366176821182,1.2484255523495857,2021-02-17
677,1.5095663994141502,1.2436992977181824,2021-02-18
678,1.5088347889241576,1.2437380172792663,2021-02-19
679,1.488517416964276,1.2448188483738196,2021-02-22
680,1.4766401669245566,1.245437281522762,2021-02-23
681,1.4723423919609535,1.2622015402518056,2021-02-24
682,1.4777132547893286,1.2400925937424163,2021-02-25
683,1.463997982101996,1.2215460782445262,2021-02-26
684,1.4511744511805262,1.2453646244977803,2021-03-01
685,1.4703875619770228,1.2396783252910608,2021-03-02
686,1.462896894749965,1.2348829616422652,2021-03-03
687,1.4486275668236799,1.2212211270277025,2021-03-04
688,1.4333234600569833,1.2438162277074314,2021-03-05
689,1.468061301074714,1.2559059093069165,2021-03-08
690,1.479456686581013,1.257102513431722,2021-03-09
691,1.4970599228483321,1.275437305433248,2021-03-10
692,1.5027239171628135,1.2828841105796793,2021-03-11
693,1.5083824075156371,1.294456940030117,2021-03-12
694,1.514035468725848,1.3013607457541791,2021-03-15
695,1.5291494803443502,1.2963251974177048,2021-03-16
696,1.5420050689405271,1.303805631505635,2021-03-17
697,1.5412482518284774,1.2977607521405925,2021-03-18
698,1.520905936162129,1.2885068541721894,2021-03-19
699,1.5235375298509295,1.292583437761744,2021-03-22
700,1.5496582027381696,1.2804183224356855,2021-03-23
701,1.5418966003263759,1.280296301826852,2021-03-24
702,1.5334083517204562,1.2881715674549965,2021-03-25
703,1.5343492458845955,1.3060766648852131,2021-03-26
704,1.5731964911563892,1.30996620677033,2021-03-29
705,1.5691345016465845,1.3058429591679153,2021-03-30
706,1.5650659629556938,1.302470038040047,2021-03-31
707,1.5609908050477708,1.3092490464536841,2021-04-01
708,1.5782293375439023,1.3240178594361216,2021-04-05
709,1.5965543886560427,1.3201890964636225,2021-04-06
710,1.5816967023256818,1.3208218759041217,2021-04-07
711,1.5857474800062354,1.3230850419625235,2021-04-08
712,1.5898879857932282,1.334815063575289,2021-04-09
713,1.6029231810833056,1.3326350443034372,2021-04-12
714,1.59708447482621,1.3299445747223189,2021-04-13
715,1.6048473979935378,1.3320621182083583,2021-04-14
716,1.5956328209406931,1.344110689198167,2021-04-15
717,1.6083750475821346,1.3506141871094317,2021-04-16
718,1.628644735141993,1.3457551135852275,2021-04-19
719,1.6263261181280535,1.3356324936716337,2021-04-20
720,1.6207997727608845,1.3481119161917483,2021-04-21
721,1.6316518768197508,1.3354191504326747,2021-04-22
722,1.611312872998703,1.3444068707012775,2021-04-23
723,1.6233499935159414,1.3419616764274225,2021-04-26
724,1.6189324703833279,1.342094341059024,2021-04-27
725,1.615794227463055,1.3355960880285433,2021-04-28
726,1.595953794702015,1.3450731248220762,2021-04-29
727,1.5717808675493445,1.3377472604560816,2021-04-30
728,1.5713273645002122,1.3471610501578044,2021-05-03
729,1.5837428874259658,1.3479430001782557,2021-05-04
730,1.5705356331100502,1.3517858009199126,2021-05-05
731,1.583863334337831,1.364351455450568,2021-05-06
732,1.6049167474673043,1.373403965422976,2021-05-07
733,1.6251977024281146,1.3720240989931207,2021-05-10
734,1.6094720840737184,1.3533188487209076,2021-05-11
735,1.5992069804094455,1.326405822804949,2021-05-12
736,1.5748597594639848,1.3435365290134917,2021-05-13
737,1.59740972518756,1.357780082611507,2021-05-14
738,1.6100799166978588,1.3556341550647528,2021-05-17
739,1.6148934938384687,1.3450850029344403,2021-05-18
740,1.6068787783812097,1.338583973202368,2021-05-19
741,1.6021769860768578,1.3460125755272543,2021-05-20
742,1.6154445128839927,1.350897256410582,2021-05-21
743,1.6050585715736716,1.3582481110909013,2021-05-24
744,1.62608365744611,1.3550288341177714,2021-05-25
745,1.61680964733543,1.3554470362297153,2021-05-26
746,1.6103958349791705,1.3610385419293196,2021-05-27
747,1.5967387888951405,1.3635978894908318,2021-05-28
748,1.5971172236330307,1.365408915973392,2021-06-01
749,1.5844572264675396,1.366398964352018,2021-06-02
750,1.5925037291130626,1.3654772536847868,2021-06-03
751,1.5790859849316363,1.3725600024003115,2021-06-04
752,1.5986964644087975,1.367578136961276,2021-06-07
753,1.59421549881671,1.3663769050004841,2021-06-08
754,1.5907691285098127,1.3603474517553953,2021-06-09
755,1.6038443351236829,1.3611016347599298,2021-06-10
756,1.636698090882108,1.3616293623235447,2021-06-11
757,1.6364304955013524,1.3582390096801285,2021-06-14
758,1.6288205830284381,1.354510207964929,2021-06-15
759,1.6236145432106666,1.3440192123068417,2021-06-16
760,1.624847904714617,1.3357173373313789,2021-06-17
761,1.6331944823405755,1.3146540503630486,2021-06-18
762,1.6148954230876515,1.33783087002623,2021-06-21
763,1.633994053130865,1.3405403137348915,2021-06-22
764,1.6368120968936748,1.337723041447754,2021-06-23
765,1.6268388384770613,1.3504620855666882,2021-06-24
766,1.635533398853616,1.3598221923709723,2021-06-25
767,1.641008952894884,1.3538760401736334,2021-06-28
768,1.6452057821581902,1.3542322292833635,2021-06-29
