,date_CSCO,open_CSCO,close_CSCO,volume_CSCO,high_CSCO,low_CSCO,last_CSCO,date_MRK,open_MRK,close_MRK,volume_MRK,high_MRK,low_MRK,last_MRK,date_MSFT,open_MSFT,close_MSFT,volume_MSFT,high_MSFT,low_MSFT,last_MSFT
0,2020-05-29,45.94828383696303,45.58483165462846,292884.67296429886,46.28119009401016,45.36931821352808,45.74933333333333,2020-05-29,78.87566243822454,78.90333451645111,195527.5404798027,79.9884939060261,78.37478799211289,79.15,2020-05-29,181.8271451572468,181.38396055295385,404467.056224064,183.89781685727368,180.53683639910565,182.185
1,2020-06-02,46.78539666578915,46.28713757737752,239345.40169325663,46.95848896771828,46.02883172361304,46.387857142857136,2020-06-02,79.6623607535275,79.42243650226382,119506.31727869736,80.21314792927558,78.88387577415219,79.95964705882352,2020-06-02,183.4430566990192,182.8138381025252,243094.25794355743,183.67244321867287,181.5250368427671,181.932
2,2020-06-04,46.7700000000003,46.9400000000001,213656.22372881355,47.24,46.535,46.74683050847459,2020-06-04,81.25999999999964,82.0600000000003,161033.92783505155,82.14,80.85,81.31756013745705,2020-06-04,184.3850000000004,185.36000000000047,405148.8576388889,185.825,182.315,183.4282986111112
3,2020-06-05,47.37999999999972,46.86000000000016,293556.4194630872,48.295,47.365,48.11783557046978,2020-06-05,81.59687499999951,81.5499999999996,53261.88970588235,83.13,81.55,82.49586397058825,2020-06-05,182.6744599303143,182.9199999999988,117379.6306620209,187.695,182.105,186.32263066202088
4,2020-06-08,47.4399999999999,47.829999999999934,231547.92227979275,48.14,47.12,47.66979274611402,2020-06-08,81.48999999999982,82.26000000000018,103334.45333333334,83.195,81.49,82.79663333333332,2020-06-08,185.875,187.2000000000003,410513.670212766,188.495,184.505,187.5084308510638
5,2020-06-09,48.01499999999984,48.12999999999972,250756.19932432432,48.235,47.5,47.8971283783784,2020-06-09,83.20999999999944,82.90000000000028,103203.73170731709,83.5,82.12,82.90038327526129,2020-06-09,187.55999999999943,188.36000000000047,307519.0,190.68,187.35,189.6356747404845
6,2020-06-15,44.11500000000035,45.237073170731854,874969.9073359073,45.765,43.935,45.108030888030896,2020-06-15,75.0,76.29999999999966,257529.96370967745,75.27,73.595,74.15393145161292,2020-06-15,184.62000000000063,187.73999999999967,197189.3903345725,190.77,184.07,188.4260408921932
7,2020-06-16,47.37000000000016,46.44285891089135,133155.86666666667,47.455,45.93,47.09033333333333,2020-06-16,75.20500000000001,74.02,105348.6153846154,77.41,74.85,75.54038461538462,2020-06-16,192.85,188.94000000000003,49736.21428571428,195.57,191.48,193.0153846153846
8,2020-06-17,46.79000000000031,46.479999999999706,405158.8417266187,46.79,45.9,46.345809352517946,2020-06-17,77.3300000000005,76.97000000000016,305932.5049180328,77.33,75.625,76.25111475409835,2020-06-17,194.94000000000065,193.5699999999997,226402.4178082192,196.32,193.71,195.2543150684932
9,2020-06-18,45.84499999999977,46.17000000000006,438771.3921568628,46.045,45.355,45.61125816993463,2020-06-18,75.60499999999965,76.29000000000055,67879.75247524753,76.26,75.395,75.79374587458744,2020-06-18,194.0400000000008,194.23999999999944,143566.49520766773,196.485,194.01,195.4720926517573
10,2020-06-19,46.29000000000036,45.82999999999994,309176.1757188498,46.51,45.05,45.66568690095853,2020-06-19,77.13999999999966,76.2200000000002,101321.02821316614,77.97,75.82,76.59749216300946,2020-06-19,198.6699999999988,196.3199999999997,203645.927672956,199.265,194.54,196.82157232704407
11,2020-06-22,45.03000000000023,45.319999999999816,165432.91401273885,45.465,44.81,45.226003184713385,2020-06-22,77.45999999999944,77.90000000000026,76688.9405940594,77.63,76.44,76.91199669966988,2020-06-22,195.6399999999995,195.150000000001,184383.42006269592,200.665,195.245,198.82012539184947
12,2020-06-23,45.90999999999988,45.15999999999988,164076.95501730105,46.14,45.335,45.759446366781965,2020-06-23,77.54499999999958,76.75,119277.57241379312,78.61,76.92,77.88941379310346,2020-06-23,202.0599999999993,200.5699999999997,479422.0890410959,203.94,201.435,202.8992636986303
13,2020-06-24,45.299999999999805,45.46999999999981,251531.35986159169,45.45,44.395,44.77332179930793,2020-06-24,76.59999999999981,77.11999999999999,94791.72222222222,76.87,75.47,76.00482638888893,2020-06-24,201.5199999999988,201.9100000000015,265367.3796610169,203.22,196.64,198.4848644067796
14,2020-06-25,44.73500000000015,44.75,170804.84690553747,45.25,44.2,44.68131921824104,2020-06-25,75.8250000000004,75.87,87274.54355400697,76.895,75.32,76.1436411149826,2020-06-25,197.9199999999988,197.8399999999984,298720.93247588427,200.43,195.53,198.0197588424437
15,2020-06-26,45.0650000000001,45.21999999999978,965458.154340836,46.495,44.625,45.30443729903535,2020-06-26,76.5,76.56999999999978,59529.32890365449,76.5,75.005,75.5596511627907,2020-06-26,199.67500000000103,200.33999999999844,738405.9704918033,199.81,195.0,197.27640983606548
16,2020-06-29,45.8449999999998,46.30999999999992,346494.0594405594,46.18,45.69,45.93188811188809,2020-06-29,75.65499999999999,75.18999999999987,75724.7169117647,76.505,75.56,75.96349264705884,2020-06-29,194.5199999999988,196.33000000000123,208418.52786885248,198.31,193.615,197.0613278688524
17,2020-06-30,46.14500000000031,46.14999999999976,246512.3993610224,46.995,46.095,46.43643769968049,2020-06-30,76.75,76.11999999999993,115943.06168831167,77.65,76.35,76.68969155844147,2020-06-30,197.83499999999924,198.4400000000008,264454.1791530945,204.32,197.825,201.2090553745929
18,2020-07-01,46.54999999999976,46.63999999999984,382704.6993464052,46.72,46.005,46.24148692810453,2020-07-01,77.45000000000044,77.33000000000057,121792.60061919504,78.925,77.13,78.45849845201244,2020-07-01,203.12000000000108,203.51000000000064,244324.231511254,206.345,201.825,204.82668810289385
19,2020-07-02,46.03000000000022,46.059999999999896,314319.92052980134,46.205,45.51,45.90543046357616,2020-07-02,78.74000000000044,78.11999999999989,82413.60883280757,79.305,78.215,78.89771293375394,2020-07-02,205.5749999999988,204.6999999999988,267809.41744548286,207.995,205.3,207.32565420560752
20,2020-07-06,46.09499999999976,45.62999999999971,111225.09584664536,46.485,45.87,46.29472843450476,2020-07-06,79.24000000000044,78.77999999999977,89736.23125,80.025,78.985,79.526859375,2020-07-06,208.70999999999924,206.26000000000064,317284.18566775246,211.11,208.14,210.23065146579808
21,2020-07-07,46.27000000000031,46.42000000000006,124857.08227848102,46.28,45.605,45.93862341772152,2020-07-07,78.95000000000044,79.5800000000006,75215.04012345678,79.675,78.6,79.19888888888886,2020-07-07,210.45999999999924,210.6999999999988,195419.0844155844,214.61,208.385,212.21157467532456
22,2020-07-08,45.53000000000024,45.6299999999997,184356.17757009345,46.07,45.32,45.69685358255454,2020-07-08,78.65000000000033,78.72000000000021,88888.93103448275,78.94,77.485,78.02476489028206,2020-07-08,210.1449999999986,208.25,142992.69774919614,213.23,208.78,211.2938906752409
23,2020-07-09,46.70000000000024,45.80999999999989,332100.2038834951,47.195,46.225,46.79726537216823,2020-07-09,77.96500000000012,77.91999999999955,79480.74662162163,78.27,76.065,76.90069256756756,2020-07-09,216.2200000000008,212.8300000000013,336356.69283276453,216.335,211.56,213.70817406143345
24,2020-07-10,46.70000000000023,46.70000000000023,153094.67105263157,46.92,46.24,46.61802631578946,2020-07-10,76.90499999999987,76.68999999999976,49248.95302013423,77.32,76.405,76.76065436241613,2020-07-10,213.56999999999977,214.31999999999985,179990.97734627832,213.94,211.105,212.9042556634305
25,2020-07-13,46.86499999999982,46.65999999999988,134306.93464052287,46.99,45.815,46.73972222222224,2020-07-13,76.99993399339934,76.72999999999965,51984.57755775577,78.575,76.85,78.04216887417228,2020-07-13,214.3949999999988,213.6699999999987,169037.52063492063,215.78,206.59,213.6175396825397
26,2020-07-14,45.29999999999977,45.93000000000018,164953.17891373803,46.5,45.25,46.10017571884985,2020-07-14,77.61500000000022,77.34999999999985,52319.68978102189,78.57,77.365,77.97507299270076,2020-07-14,206.1299999999989,207.0699999999997,170230.11803278688,208.81,202.07,206.11906557377057
27,2020-07-15,46.48999999999982,46.26000000000018,98603.39273927391,46.82,45.99,46.38130363036306,2020-07-15,79.20000000000043,78.25,69171.17821782178,79.96,78.86,79.36112211221123,2020-07-15,209.68000000000023,208.349999999999,289495.81877022656,211.255,205.12,207.87066343042065
28,2020-07-16,45.690000000000126,46.39999999999976,234080.6481481481,45.825,45.195,45.522314814814784,2020-07-16,79.59999999999975,79.43999999999974,46571.73630136986,79.605,78.765,79.03361301369863,2020-07-16,205.2949999999988,208.0400000000008,302246.62790697673,205.595,202.34,203.86186046511617
29,2020-07-17,46.01000000000018,45.78000000000024,170459.0507936508,46.925,45.89,46.66100000000001,2020-07-17,79.66999999999948,79.40000000000029,55048.59271523179,80.24,79.33,79.97192052980132,2020-07-17,204.4199999999988,203.9199999999988,284114.92810457514,205.03,201.425,202.6394607843139
30,2020-07-20,46.67000000000007,46.75,302799.7356687898,47.075,46.27,46.74267515923564,2020-07-20,80.0,79.87000000000008,34011.48648648649,80.14,79.095,79.46250965250964,2020-07-20,205.04000000000056,202.8799999999989,190679.78353658537,212.27,203.04,208.4594969512195
31,2020-07-21,47.21999999999975,46.96999999999976,126949.57692307692,47.33,46.855,47.105272435897454,2020-07-21,79.59000000000012,79.40999999999988,91645.0547112462,80.1,78.8,79.55109422492404,2020-07-21,213.83999999999827,211.59999999999908,180094.04746835443,213.875,208.1,210.3672468354431
32,2020-07-22,47.27000000000032,47.02000000000032,231676.98757763967,47.3,46.53,46.95262422360248,2020-07-22,79.29999999999956,78.88999999999966,200174.49523809523,79.745,78.025,78.80795238095233,2020-07-22,209.2600000000006,208.75,280239.3974763407,212.22,205.0,210.41307570977912
33,2020-07-23,46.954999999999934,46.89999999999976,1026027.4186046512,47.695,46.69,47.32725913621261,2020-07-23,78.90999999999988,78.77999999999986,302280.71717171714,78.91,77.51,78.24476430976429,2020-07-23,207.2300000000013,211.75,445328.7162162162,210.88,202.22,205.74140202702688
34,2020-07-24,47.5,47.40999999999988,147684.64169381108,47.55,46.115,46.680798045602586,2020-07-24,77.93000000000023,78.0600000000003,112854.00324675324,77.93,76.38,76.86155844155853,2020-07-24,200.43000000000023,202.5400000000008,255309.78896103887,202.81,197.63,201.4192671009771
35,2020-07-27,46.39999999999976,46.39999999999976,160444.3406940063,47.26,46.24,46.83889589905366,2020-07-27,76.70000000000043,77.09999999999974,175548.93399339935,79.135,76.41,78.3511423841059,2020-07-27,201.4550000000013,201.30000000000115,203866.54487179487,203.955,200.94,202.58451923076927
36,2020-07-28,46.9799999999997,47.19000000000011,199612.54666666663,47.08,46.215,46.51016666666667,2020-07-28,79.20999999999944,78.93000000000023,76087.62540716612,80.2,79.05,79.61965798045601,2020-07-28,203.43499999999915,203.84999999999897,116141.2712933754,204.68,201.92,203.33656151419544
37,2020-07-29,46.39999999999976,46.28000000000021,177837.7027027027,46.875,46.395,46.59645270270272,2020-07-29,79.57500000000041,79.68999999999977,36314.12230215827,79.73,78.75,79.09938848920858,2020-07-29,202.55999999999915,202.01999999999865,172538.49201277955,204.64,202.03,203.75864217252405
38,2020-07-30,45.95000000000022,46.709999999999646,271042.3717105263,46.465,45.375,46.00674342105261,2020-07-30,78.69499999999977,79.34999999999962,94507.93865030677,79.28,77.66,78.6987883435583,2020-07-30,201.0899999999984,204.05999999999915,182633.6317460317,204.43,199.7,202.7230317460317
39,2020-07-31,46.33499999999963,46.440000000000126,137356.17868338557,47.04,45.865,46.32666144200626,2020-07-31,80.2799999999998,78.99000000000039,180042.38636363635,81.515,79.16,79.84370129870135,2020-07-31,204.5299999999992,203.900000000001,349092.8446601942,204.74,199.05,201.44383495145627
40,2020-08-03,47.09000000000012,47.10000000000024,205596.4482758621,47.355,46.69,47.13023510971789,2020-08-03,82.15999999999988,80.24000000000039,134585.4655737705,83.785,81.92,82.76093442622947,2020-08-03,211.3499999999992,205.01000000000067,346297.5157232704,217.62,210.0,214.3070911949684
41,2020-08-04,47.05999999999986,47.15999999999988,159069.05810397555,47.66,46.95,47.28805810397549,2020-08-04,82.375,82.54000000000057,72790.27884615384,82.375,81.08,81.61450320512819,2020-08-04,213.0,216.5400000000004,282044.6261682243,214.76,210.36,212.1794392523365
42,2020-08-05,47.60000000000024,47.67000000000007,158733.54402515723,47.735,47.07,47.4203616352201,2020-08-05,82.03499999999988,81.66999999999943,96150.27272727272,82.38,81.165,81.64551948051944,2020-08-05,215.99642857142857,213.2900000000008,210601.54545454544,216.3,211.58,213.0690879478828
43,2020-08-06,47.22999999999969,47.329999999999934,216507.375,47.825,47.12,47.65576923076926,2020-08-06,81.52000000000034,81.63999999999969,104881.1204379562,82.33,80.6,81.09974452554741,2020-08-06,212.3000000000012,212.94000000000088,284078.38436482084,216.365,211.635,213.91600977198704
44,2020-08-07,47.33499999999962,47.77000000000032,149571.94025157232,47.6,47.035,47.33973270440253,2020-08-07,80.88999999999966,81.04999999999954,104412.04320987656,80.985,80.04,80.39441358024688,2020-08-07,214.8399999999983,216.3499999999992,128320.37741935485,215.69,210.96,213.0968387096775
45,2020-08-10,47.20999999999964,47.43000000000019,198922.8947368421,48.0,47.18,47.76342105263153,2020-08-10,80.90000000000025,81.02000000000035,67192.6105263158,81.205,80.305,80.75619298245614,2020-08-10,211.5149999999995,212.48000000000133,427319.9016393443,211.515,206.37,207.80616393442625
46,2020-08-11,47.93000000000019,47.72999999999968,159992.5172413793,48.445,47.085,47.839529780564256,2020-08-11,81.74000000000036,80.90999999999988,50517.65068493151,81.84,80.685,81.1038184931507,2020-08-11,207.25,208.25,280549.1772575251,207.63,203.19,206.0525752508359
47,2020-08-12,47.47999999999968,47.19000000000014,377925.23839009285,48.15,44.95,47.67057275541799,2020-08-12,81.38999999999966,80.90999999999988,85817.48355263157,82.905,81.375,82.49095394736837,2020-08-12,205.26000000000064,203.3799999999989,173565.0160771704,210.23,205.06,208.86472668810296
48,2020-08-13,44.60000000000024,48.10000000000025,1465706.7318611988,44.6,42.385,42.68925867507888,2020-08-13,82.24000000000036,82.68000000000023,77734.97923875433,83.625,82.13,82.78451557093423,2020-08-13,209.70999999999924,209.1900000000008,235245.87043189368,211.33,208.225,209.95596345514943
49,2020-08-14,42.59000000000012,42.71999999999979,475525.72063492064,42.885,42.275,42.530365079365055,2020-08-14,83.41999999999945,83.54000000000057,84689.55666666667,84.425,83.17,83.84298333333335,2020-08-14,208.8199999999997,208.69999999999905,68129.97833935019,209.405,207.59,208.46945652173903
50,2020-08-17,42.51000000000018,42.5,369243.7132867133,42.76,41.86,42.025506993007,2020-08-17,84.27999999999975,83.47999999999963,123607.06148867312,85.175,84.02,84.77443365695792,2020-08-17,209.5,208.900000000001,138213.2066666667,211.18,208.95,210.0968666666667
51,2020-08-18,42.09000000000012,42.09000000000012,218594.578125,42.29,41.8,42.02337499999997,2020-08-18,84.90000000000042,84.7599999999995,76209.46031746031,85.01,83.8,84.53156050955415,2020-08-18,210.51000000000064,210.27999999999923,153478.94684385383,212.325,209.29,210.71673333333345
52,2020-08-19,42.07999999999994,41.979999999999706,163982.51644736843,42.345,41.8,42.10468750000002,2020-08-19,84.79999999999957,84.56000000000027,70446.4384057971,85.69,84.72,85.28079710144922,2020-08-19,211.6399999999995,211.48999999999936,157896.3536977492,212.1,209.415,211.01546774193537
53,2020-08-20,41.82999999999994,41.87000000000024,249073.1597444089,42.415,41.74,42.247380191693296,2020-08-20,84.72999999999963,85.02999999999972,82511.14375,85.28,84.39,84.89843750000003,2020-08-20,209.5,209.6999999999988,181269.3227848101,215.0,208.97,212.34563291139244
54,2020-08-21,42.06999999999983,42.30999999999992,200677.091503268,42.295,41.81,42.03302287581696,2020-08-21,85.08000000000065,85.02999999999972,38275.00940438872,85.175,84.12,84.74611285266457,2020-08-21,213.5,214.5800000000013,187498.48220064724,216.215,212.89,214.0554368932039
55,2020-08-24,42.07999999999994,42.25,168928.6897689769,42.48,42.0,42.18521452145214,2020-08-24,85.21500000000012,84.97999999999963,121166.29470198676,85.43,84.49,85.02930463576162,2020-08-24,214.8000000000012,213.01999999999865,394850.4789644013,215.455,212.495,213.491569579288
56,2020-08-25,42.25499999999976,42.18000000000018,156719.00319488818,42.28,41.78,41.92246006389774,2020-08-25,85.88999999999967,85.41999999999952,61960.61313868613,86.295,85.2,85.57231751824817,2020-08-25,213.18499999999912,213.69000000000085,216389.2149837133,216.51,213.14,215.4018403908796
57,2020-08-26,41.75,41.959999999999695,244931.3076923077,42.28,41.45,41.99059294871795,2020-08-26,85.20000000000043,85.68000000000022,39812.07299270073,85.675,84.665,85.2105474452554,2020-08-26,217.8799999999989,216.4700000000008,342452.4533333333,222.085,217.36,220.1964666666668
58,2020-08-27,42.32999999999994,42.25,292447.94805194804,42.46,42.02,42.252905844155855,2020-08-27,85.44499999999977,85.54000000000059,60170.84394904459,86.14,85.235,85.74894904458598,2020-08-27,222.87999999999897,221.1500000000009,686975.4533333334,231.1,219.4,227.4804666666667
59,2020-08-28,42.05999999999994,42.29000000000028,167469.75757575757,42.295,42.0,42.09803030303034,2020-08-28,85.88000000000008,85.81999999999978,26852.79856115108,85.88,84.91,85.20729241877265,2020-08-28,228.0800000000013,226.5800000000013,171276.05128205128,230.63,226.725,228.49503215434103
60,2020-08-31,42.040000000000326,42.200000000000216,173638.2098765432,42.35,41.94,42.07253086419752,2020-08-31,85.53499999999988,85.6500000000003,73051.3041958042,85.915,85.145,85.49493006993006,2020-08-31,225.0,228.9100000000018,264885.5588235294,228.59,224.46,225.9202614379085
61,2020-09-01,41.98999999999982,42.21999999999981,318025.5064935065,42.055,41.5,41.78180194805192,2020-09-01,85.38000000000017,85.27000000000037,53903.15359477124,85.74,83.935,84.27681372549011,2020-09-01,225.54499999999868,225.5299999999992,254786.9581993569,227.095,224.54,226.02649517684893
62,2020-09-02,42.06532544378711,42.02999999999994,338172.0414201184,42.685,42.035,42.401715976331374,2020-09-02,84.43875000000018,84.43000000000018,40333.256097560974,86.27,84.33,85.75777439024388,2020-09-02,227.94134285714188,227.26999999999973,280707.70285714284,232.31,227.42,230.03108571428567
63,2020-09-03,41.79000000000028,42.42000000000006,637922.9898989899,41.79,40.665,41.076986531986535,2020-09-03,87.16999999999936,86.93000000000023,328548.9672131148,87.67,84.94,85.92049180327868,2020-09-03,229.05999999999904,231.6500000000005,360568.9638157895,229.19,214.99,219.9443914473684
64,2020-09-04,41.04000000000028,40.950000000000166,459579.4524590164,41.43,40.45,40.90537704918036,2020-09-04,85.68000000000023,85.49000000000052,83445.09463722397,86.87,84.265,85.1659148264984,2020-09-04,215.3600000000005,217.3000000000012,326519.2679738562,218.31,205.34,211.7409150326798
65,2020-09-08,40.06999999999984,40.81999999999983,311867.91610738257,40.605,39.965,40.24223154362418,2020-09-08,85.68000000000023,85.2400000000004,99442.93814432988,85.7,83.005,83.5315807560138,2020-09-08,206.5599999999992,214.25,541573.5130718955,209.98,202.37,206.29433006535947
66,2020-09-09,40.05999999999994,40.0,278018.8938906752,40.475,39.715,40.2465434083601,2020-09-09,83.88000000000008,83.33000000000051,77126.11805555556,85.8,83.675,85.2460278745644,2020-09-09,207.5,202.6600000000016,337560.9967105263,214.82,206.685,211.94756578947369
67,2020-09-10,40.26000000000016,40.130000000000095,184127.42021276595,40.63,39.845,40.1357180851064,2020-09-10,84.63500000000016,84.88000000000005,67468.70297029703,84.87,84.05,84.30019801980193,2020-09-10,213.41999999999933,211.2900000000006,207200.29133858267,214.55,206.955,209.38559055118108
68,2020-09-11,39.76499999999991,39.56999999999984,213534.91176470587,40.05,39.515,39.82397058823526,2020-09-11,83.86500000000044,83.56999999999977,61593.086956521736,84.855,83.8,84.45043478260874,2020-09-11,207.5,205.37000000000103,126949.98333333334,208.49,201.305,204.6128666666665
69,2020-09-14,40.21500000000012,39.87999999999981,250512.6644736842,40.635,40.05,40.39427631578949,2020-09-14,84.11000000000033,84.47999999999963,55260.62369337979,85.075,83.765,84.399337979094,2020-09-14,204.3300000000013,204.0299999999992,183727.61612903225,209.165,204.1,206.8964677419356
70,2020-09-15,40.54500000000006,40.3700000000002,355772.36,40.835,40.385,40.569949999999984,2020-09-15,84.92499999999956,84.15999999999988,185623.5618729097,85.165,83.665,84.29996655518391,2020-09-15,208.2200000000008,205.41000000000167,107212.28797468354,209.665,207.0,208.42346518987333
71,2020-09-16,40.71999999999997,40.60000000000018,286562.4518828452,41.17,40.415,40.82192468619249,2020-09-16,84.52000000000035,84.20999999999947,200140.29803921568,86.085,84.52,85.70227450980394,2020-09-16,210.48000000000096,208.7799999999993,157343.3147410359,210.585,204.8,207.5342629482072
72,2020-09-17,39.65999999999988,40.42000000000006,285665.5966101695,40.4,39.52,40.18740677966103,2020-09-17,85.15499999999977,85.56999999999977,86964.23825503356,85.765,84.46,85.32228187919472,2020-09-17,199.9899999999994,205.05000000000115,242151.65384615384,204.265,199.99,202.0982532051282
73,2020-09-18,40.16500000000028,40.37000000000021,484689.25,40.315,39.575,39.853198051948056,2020-09-18,85.54000000000057,85.63999999999966,45932.0,86.295,84.94,85.7080968858131,2020-09-18,202.8199999999997,202.9100000000016,258402.737704918,203.525,196.475,199.71075409836067
74,2020-09-21,39.42000000000006,39.80999999999996,223760.9174917492,39.42,38.695,38.989702970297024,2020-09-21,85.125,85.81000000000034,65461.66780821918,85.255,82.095,82.68847602739727,2020-09-21,196.9800000000013,200.3899999999995,244068.6878980892,202.62,196.41,199.0873885350319
75,2020-09-22,39.18000000000016,39.04000000000024,504138.2222222223,39.455,38.88,39.152811447811466,2020-09-22,83.09000000000012,83.13000000000005,82490.8309859155,83.54,82.24,82.95001760563373,2020-09-22,205.08999999999835,202.5400000000008,304145.00322580646,208.065,202.075,204.9223225806452
76,2020-09-23,39.21500000000012,39.31999999999984,323416.30592105264,39.385,38.175,38.77032894736844,2020-09-23,83.19499999999977,82.93999999999969,57229.34470989761,83.79,82.6,83.20750853242318,2020-09-23,207.80500000000023,207.4199999999988,138520.40522875817,208.08,200.03,203.96861111111087
77,2020-09-24,38.05500000000016,38.28000000000013,1200908.754152824,38.155,37.605,37.8559800664452,2020-09-24,82.15000000000032,82.63000000000011,68815.22185430463,83.445,82.08,82.87915562913902,2020-09-24,199.95999999999924,200.5899999999984,178040.56869009585,205.555,199.23,203.75955271565493
78,2020-09-25,37.77000000000028,37.850000000000215,272901.6719745223,38.54,37.62,38.07649681528664,2020-09-25,82.29499999999943,83.15000000000035,111112.68729641696,83.205,81.805,82.4651954397394,2020-09-25,203.495000000001,203.1900000000008,234991.9797979798,209.02,202.57,206.3450168350168
79,2020-09-28,39.19499999999984,38.450000000000095,239676.892733564,39.29,38.79,39.03688581314879,2020-09-28,83.1800000000002,82.9300000000002,28817.05286343612,83.67,82.57,82.98808370044053,2020-09-28,211.01999999999865,207.8199999999997,226577.26517571884,212.55,208.14,209.33968051118225
80,2020-09-29,39.11000000000007,39.12999999999983,298593.595959596,39.375,38.835,39.155067340067326,2020-09-29,82.50999999999968,82.75999999999966,88316.67025089606,83.14,81.705,82.30690647482015,2020-09-29,209.48999999999936,209.44000000000085,461763.65676567657,210.05,206.84,208.12521452145208
81,2020-09-30,39.100000000000215,39.05999999999997,306903.2474916388,39.7,39.04,39.41889632107026,2020-09-30,82.25999999999958,81.90000000000032,92049.40199335548,83.31,82.03,82.71561461794019,2020-09-30,207.73000000000133,207.2600000000006,116529.26875,211.97,206.56,210.16521875000004
82,2020-10-01,39.05999999999993,39.38999999999989,365794.1759259259,39.315,38.565,38.83175925925927,2020-10-01,83.24000000000046,82.95000000000046,252072.46925566345,83.32,81.25,82.02318770226542,2020-10-01,213.4199999999987,210.3300000000013,462094.382636656,213.98,211.36,212.4478295819937
83,2020-10-02,38.04999999999987,38.799999999999855,484625.1461038961,38.56,37.96,38.298928571428526,2020-10-02,80.90000000000033,81.63999999999966,106478.61688311688,81.72,80.46,81.16756493506499,2020-10-02,208.1299999999989,212.45999999999924,415132.1661129568,210.99,205.58,208.01521594684388
84,2020-10-05,38.54000000000026,38.27000000000028,367687.0700636943,38.79,38.275,38.46934713375798,2020-10-05,81.22000000000028,80.79999999999954,236761.54268292684,81.535,80.615,80.96966463414631,2020-10-05,207.2699999999987,206.1900000000008,293383.88963210705,210.41,206.995,208.94859531772573
85,2020-10-06,38.4950000000002,38.56999999999983,573481.1968253969,39.355,38.42,38.9129206349206,2020-10-06,81.18999999999963,81.24000000000048,161856.17868338557,81.19,79.52,80.27855799373042,2020-10-06,208.900000000001,210.3799999999989,354246.12052117265,210.18,204.83,208.1098859934853
86,2020-10-07,38.79000000000024,38.56999999999984,443260.1362126246,39.575,38.79,39.26531561461799,2020-10-07,80.09000000000012,79.63000000000011,293309.87220447283,80.345,79.525,79.97953674121408,2020-10-07,207.7200000000008,205.9100000000016,344055.8333333333,209.99,206.725,208.6565333333332
87,2020-10-08,39.79999999999984,39.399999999999785,299814.7845659164,40.185,39.68,39.853118971061136,2020-10-08,80.32500000000044,80.04000000000056,445098.21452145214,81.84,80.16,80.72689768976898,2020-10-08,210.58499999999924,209.8300000000013,374174.8461538461,211.18,208.32,210.1239799331105
88,2020-10-09,40.17000000000006,39.79000000000026,963944.2805280528,40.24,39.725,39.90326732673265,2020-10-09,80.79499999999945,80.47999999999965,202583.2516339869,81.07,80.055,80.5295098039216,2020-10-09,211.3700000000012,210.5800000000013,520190.640776699,215.63,211.33,214.29330097087384
89,2020-10-12,39.94000000000005,39.85000000000022,468712.7719869707,40.535,39.62,40.20817589576545,2020-10-12,80.54999999999956,80.36000000000034,143977.80891719746,80.725,79.935,80.4002707006369,2020-10-12,218.6100000000005,215.80999999999904,722306.0095846645,223.855,216.815,221.1772364217253
90,2020-10-13,40.53499999999988,40.3600000000001,389152.7647058824,40.615,39.705,39.93094771241832,2020-10-13,80.25999999999958,80.36000000000034,336460.22580645164,80.92,80.03,80.37320967741935,2020-10-13,222.52999999999923,221.4000000000009,449135.4816053512,225.11,220.445,223.19923076923064
91,2020-10-14,39.82999999999994,39.80999999999996,315039.35761589406,40.42,39.765,40.07867549668873,2020-10-14,80.88000000000015,80.70999999999941,208351.3125,80.91,80.07,80.33767187499998,2020-10-14,223.1299999999989,222.8600000000005,367572.3627118644,224.21,219.13,221.3537118644068
92,2020-10-15,39.46999999999985,39.88999999999991,384945.2557377049,40.0,39.355,39.62152459016394,2020-10-15,79.81000000000029,80.50999999999962,205634.6925675676,79.885,78.78,79.1190033783784,2020-10-15,218.0,220.8600000000005,360424.531986532,220.35,216.03,218.41969696969687
93,2020-10-16,39.875,39.96999999999984,333544.9707792208,40.3,39.54,40.12650974025975,2020-10-16,79.18999999999966,79.06000000000034,115608.9432176656,80.295,79.14,79.86738170347004,2020-10-16,220.16000000000167,219.66000000000167,372865.6936026936,222.29,219.32,220.7747474747474
94,2020-10-22,38.79000000000055,38.94714897260243,303242.5206349206,38.97,38.375,38.67779365079366,2020-10-22,78.09999999999916,78.6089774696714,111138.59405940594,79.43,78.1,78.80891089108908,2020-10-22,213.92999999999688,214.77120000000275,343829.0100334448,215.87,211.71,213.9914715719064
95,2020-10-23,38.93000000000022,38.81999999999978,607847.4801324503,38.97,38.64,38.83329470198676,2020-10-23,79.2600000000001,79.49734693877456,193233.7777777777,80.62,79.26,79.70726851851857,2020-10-23,215.0800000000015,215.49960000000144,386328.6321070234,216.25,213.19,215.04633779264228
96,2020-10-26,38.40999999999988,38.29282495667261,685672.5566343042,38.41,37.155,37.59301948051949,2020-10-26,79.5,79.37314236111082,135829.8628762542,79.7,78.26,78.73834448160534,2020-10-26,214.30999999999844,213.3174611398949,648470.5874587459,216.325,208.115,211.14107260726072
97,2020-10-27,37.354999999999656,37.26500000000031,1191039.743772242,37.51,36.595,36.91551601423486,2020-10-27,78.90000000000083,78.433309859155,302715.3720136519,80.19,78.0,78.97602389078497,2020-10-27,211.72500000000204,211.559431616342,527237.8060200668,214.74,210.33,212.96491638795987
98,2020-10-28,36.45000000000039,36.14650176678423,696617.6306818182,36.52,35.68,35.96826704545455,2020-10-28,77.0999999999992,77.0910752688166,196229.71088435373,77.695,76.065,76.59736394557824,2020-10-28,208.72000000000097,208.21610035211188,1157924.5895765473,208.84,202.11,205.05013029315955
99,2020-10-29,35.5,35.7099999999998,720353.9123376623,36.075,35.27,35.71931818181816,2020-10-29,76.5,76.18000000000022,215078.95911949687,76.59,74.67,75.79844339622636,2020-10-29,204.1100000000005,202.68000000000023,472688.5551839465,207.34,203.39,205.3038294314381
100,2020-10-30,35.25,35.689999999999976,537055.6486486486,35.92,35.07,35.67109797297296,2020-10-30,75.45000000000041,75.88999999999969,352377.42052980134,75.875,73.95,74.76968543046355,2020-10-30,202.25,204.7200000000008,621368.7075471698,204.28,199.645,201.191179245283
101,2020-11-02,36.31,35.8999999999998,611073.7967213115,36.35,35.65,35.94898360655738,2020-11-02,76.31999999999978,75.20999999999945,170098.92642140467,76.86,75.66,76.28150501672242,2020-11-02,204.25,202.4700000000008,627120.8130841121,205.27,200.14,202.1016666666668
102,2020-11-03,36.22999999999973,35.8999999999998,741387.0033557047,37.34,36.23,36.9152181208054,2020-11-03,77.65000000000026,76.70999999999945,191518.2284768212,78.23,76.76,77.35084437086093,2020-11-03,203.3000000000011,202.3300000000013,462601.6897689769,208.1,203.14,206.50556105610565
103,2020-11-04,37.07500000000014,36.68000000000016,511536.803125,37.31,36.5,36.90404687499998,2020-11-04,79.81999999999977,76.91999999999953,435686.0331125828,82.89,79.54,81.6776158940397,2020-11-04,214.5,206.4299999999997,620920.2898550725,218.315,212.41,216.25026086956507
104,2020-11-05,37.02000000000027,36.56999999999984,360359.03184713377,37.305,36.9,37.17709265175716,2020-11-05,82.33000000000055,80.61999999999992,236699.5533333333,82.88,80.465,81.39004999999993,2020-11-05,222.4600000000001,216.3899999999995,590094.5855855856,224.12,221.16,222.86213213213205
105,2020-11-06,37.54999999999989,37.22999999999973,530922.399339934,37.6,37.085,37.33481848184822,2020-11-06,79.81999999999977,80.45999999999943,150083.99032258065,81.11,79.57,80.63150000000003,2020-11-06,222.2350000000005,223.29000000000053,407705.6158940397,224.305,218.06,222.3723344370862
106,2020-11-09,40.20000000000018,37.53000000000015,800313.1869158879,40.23,38.29,38.896012461059165,2020-11-09,84.77000000000037,80.36000000000034,261087.7962962963,85.0,80.42,81.7924382716049,2020-11-09,221.2899999999997,223.7200000000008,533620.5722543353,228.08,218.54,223.7852890173409
107,2020-11-10,38.31999999999983,38.20000000000015,529428.8867924528,39.02,38.25,38.69770440251571,2020-11-10,81.54999999999956,80.5,173491.50955414012,82.01,81.03,81.55031847133752,2020-11-10,214.1100000000005,218.3899999999995,1083815.5426829269,216.53,209.72,211.9373170731705
108,2020-11-11,39.02000000000029,38.71999999999984,408721.1682539682,39.45,38.435,38.95598412698411,2020-11-11,81.81000000000037,81.11000000000035,123930.50159744408,81.845,80.585,81.04482428115011,2020-11-11,212.5650000000008,211.01000000000064,627352.02,218.04,212.2,216.44711666666672
109,2020-11-12,39.239999999999824,39.32999999999994,591216.6797385621,39.395,38.39,38.882810457516335,2020-11-12,80.56999999999977,81.06000000000031,186308.3145695364,80.57,79.03,79.58821192052976,2020-11-12,216.8899999999995,216.5500000000012,343953.954248366,219.1,214.515,216.63073529411747
110,2020-11-13,41.46999999999981,38.67000000000006,1348534.365695793,41.56,40.61,41.30593851132685,2020-11-13,80.25,79.86000000000034,185615.02265372168,81.81,79.73,80.88197411003239,2020-11-13,216.57000000000005,215.4400000000009,289299.24921135645,217.39,214.175,215.8081072555207
111,2020-11-16,41.61000000000012,41.39999999999977,709626.5508196722,42.495,41.355,42.14363934426228,2020-11-16,82.18999999999966,81.09000000000012,381340.8137254902,82.19,79.715,80.23877450980386,2020-11-16,215.1399999999995,216.5100000000005,406341.5192307693,217.735,214.535,216.3759455128205
112,2020-11-17,42.04000000000028,42.54000000000028,613225.0610169491,42.355,41.61,42.139050847457646,2020-11-17,81.02000000000035,80.18000000000023,149850.60317460317,81.95,80.445,81.56346031746031,2020-11-17,216.1999999999988,217.2300000000014,293525.61589403974,217.65,214.09,215.76086092715224
113,2020-11-18,41.67000000000006,41.87999999999978,405358.6633333333,42.24,41.255,41.94434999999999,2020-11-18,81.40999999999988,81.5,229448.2694805195,81.95,80.335,81.29017857142856,2020-11-18,214.4800000000014,214.45999999999924,434883.9075907591,215.16,211.295,212.7996369636965
114,2020-11-19,41.06999999999983,41.31999999999983,329084.86092715233,41.375,40.765,41.01028145695364,2020-11-19,80.65000000000033,80.25,134410.5910543131,80.65,79.345,79.93041533546318,2020-11-19,210.5823174603188,211.0800000000013,333030.97777777776,212.99,209.93,211.7258757961784
115,2020-11-20,41.05500000000017,41.17000000000006,333533.1959459459,41.4,40.96,41.14962837837837,2020-11-20,80.51499999999966,80.38999999999966,176085.66049382716,80.8,79.73,80.43254629629637,2020-11-20,212.76000000000047,212.4199999999987,275266.31661442004,213.27,210.635,212.08611285266457
116,2020-11-23,40.979999999999706,40.9699999999998,249706.71384615384,41.795,40.87,41.38215384615386,2020-11-23,82.09000000000012,80.45000000000044,180374.4647435897,82.09,79.46,80.03633012820511,2020-11-23,210.9199999999987,210.3899999999995,363602.94267515925,212.28,208.18,209.84858280254767
117,2020-11-24,41.8799999999998,41.63999999999991,397423.25085910654,42.715,41.87,42.43871134020617,2020-11-24,80.2400000000004,80.2799999999998,270853.20454545453,80.89,79.68,80.2804383116883,2020-11-24,210.6399999999995,210.1100000000005,385143.7570977918,214.235,208.89,212.2617823343849
118,2020-11-25,42.75,42.61000000000013,362849.8717948718,42.83,42.2,42.4755128205128,2020-11-25,80.15999999999988,80.13999999999967,81486.56146179402,80.4,79.6,79.80744186046506,2020-11-25,214.370000000001,213.8600000000005,266340.6942675159,215.23,212.47,213.7009713375797
119,2020-11-27,42.869482758620585,42.5,261082.66666666663,42.99,42.645,42.83042424242426,2020-11-27,80.30999999999986,80.05999999999986,84454.60765550239,80.68,79.565,79.879625,2020-11-27,214.7484090909097,213.87000000000057,142187.1590909091,216.26,214.08,215.32482352941184
120,2020-11-30,42.54999999999979,42.70000000000021,307204.96507936507,43.035,42.39,42.59923809523813,2020-11-30,79.95000000000044,79.86000000000034,171756.52564102566,80.535,79.415,79.84274038461538,2020-11-30,214.7399999999997,215.23000000000107,441869.3098159509,215.14,210.84,212.5959662576685
121,2020-12-01,43.19000000000009,43.02000000000029,390527.28205128206,44.075,43.02,43.65967948717951,2020-12-01,80.97000000000021,80.38999999999966,199330.84466019413,82.455,80.84,81.55920711974119,2020-12-01,215.41000000000173,214.0699999999999,491201.127388535,217.3,213.385,215.30667197452243
122,2020-12-02,43.48999999999982,43.54000000000035,311103.1590214067,43.965,43.36,43.76645259938841,2020-12-02,81.86999999999988,81.54999999999956,181196.9188311688,82.74,81.3,81.75490259740262,2020-12-02,215.37000000000097,216.20999999999947,622005.8913738019,215.48,212.8,214.34996805111825
123,2020-12-03,43.76000000000018,43.889999999999866,251558.14521452144,44.085,43.59,43.8885313531353,2020-12-03,82.00999999999951,81.83000000000062,144277.94427244583,82.01,80.84,81.38088235294116,2020-12-03,215.1699999999988,215.37000000000108,360660.2254901961,216.37,213.66,214.73130718954243
124,2020-12-04,44.04000000000033,44.11000000000016,208617.20952380952,44.52,43.95,44.35447619047618,2020-12-04,81.41500000000059,81.45000000000046,109650.78616352202,81.905,81.11,81.53139937106921,2020-12-04,214.3899999999995,214.23999999999936,375723.69836065575,215.37,213.185,214.0712459016393
125,2020-12-07,44.26000000000018,44.379999999999725,229774.97777777776,44.495,43.9,44.25531746031745,2020-12-07,82.36999999999988,81.93999999999966,281019.0594059406,83.47,82.07,82.67171617161712,2020-12-07,214.8600000000005,214.3600000000005,297318.171875,215.5,213.0,213.8535000000001
126,2020-12-08,44.12999999999973,44.35000000000024,242247.02243589744,44.53,43.92,44.343990384615374,2020-12-08,82.54999999999956,82.50999999999958,127524.61129568108,83.74,82.3,83.25526578073085,2020-12-08,213.6200000000012,214.2900000000008,312403.00657894736,216.97,212.905,215.58473684210512
127,2020-12-09,44.45000000000023,44.37000000000028,288356.92163009406,44.83,44.36,44.60810344827582,2020-12-09,83.52999999999976,83.18000000000023,137709.39869281047,83.875,82.535,83.12245098039213,2020-12-09,215.5299999999992,216.0100000000004,366692.1012658228,215.85,211.23,213.3625316455696
128,2020-12-10,44.40999999999988,44.6900000000001,296964.6351791531,44.605,44.115,44.396237785016304,2020-12-10,83.5099999999995,83.47000000000028,182519.50464396283,83.935,82.725,83.15108359133124,2020-12-10,211.05999999999904,211.80000000000123,312985.1397515528,213.04,210.37,211.4781677018633
129,2020-12-11,43.95999999999968,44.31999999999982,313381.569579288,44.33,43.705,44.01257281553399,2020-12-11,82.47000000000023,82.99000000000045,139649.0522875817,83.42,82.44,83.05607843137248,2020-12-11,209.8300000000013,210.51999999999865,307071.4836601307,213.14,209.12,211.5275
130,2020-12-14,44.34000000000012,44.319999999999816,244196.80757097792,44.92,44.155,44.51011041009464,2020-12-14,82.68999999999963,82.95999999999943,141886.59485530548,83.08,80.04,81.45446945337615,2020-12-14,213.76000000000053,213.26000000000056,453127.9265175719,216.2,212.94,214.8988338658148
131,2020-12-15,44.30500000000018,44.23999999999982,255410.44516129032,44.8,44.13,44.55019354838709,2020-12-15,80.77000000000035,80.31999999999977,138200.97222222222,81.01,80.08,80.55180555555557,2020-12-15,214.8300000000013,214.1999999999988,668278.0415335463,215.32,212.26,213.3853354632588
132,2020-12-16,44.819999999999816,44.71999999999977,185833.1170886076,45.145,44.52,44.78253164556959,2020-12-16,80.29999999999954,80.47999999999965,200048.5,80.625,79.67,80.12053125000003,2020-12-16,214.48000000000124,214.12999999999903,329633.8126984127,220.11,214.48,218.3094603174603
133,2020-12-17,44.92000000000006,44.71999999999977,153848.82857142857,44.92,44.595,44.7485238095238,2020-12-17,80.13000000000014,79.83000000000057,64208.90189873418,80.53,79.73,80.10963607594937,2020-12-17,219.9000000000005,219.2799999999992,401490.9034267913,220.86,217.92,218.90099688473487
134,2020-12-18,45.27000000000029,44.81999999999984,211603.4492753623,45.57,44.91,45.20085144927536,2020-12-18,79.38000000000002,79.81999999999977,127778.3192982456,80.16,78.45,79.03208771929829,2020-12-18,217.1399999999996,219.4199999999988,469776.3420074349,218.92,216.075,217.6328996282528
135,2020-12-21,44.45999999999968,45.4400000000001,371028.0588235294,44.955,44.05,44.58125816993464,2020-12-21,78.91500000000059,79.52999999999973,202955.5481927711,79.23,77.745,78.74125000000002,2020-12-21,216.7799999999992,218.5899999999982,502791.358490566,223.995,216.78,220.85003144654087
136,2020-12-22,44.59000000000012,44.879999999999725,190267.0897435897,45.08,44.47,44.86817307692308,2020-12-22,79.0250000000003,79.29000000000057,95193.43408360129,79.99,78.25,79.18850482315112,2020-12-22,223.3300000000013,222.5899999999983,338497.3201320132,225.555,222.26,223.96268976897693
137,2020-12-23,44.7299999999997,44.69000000000011,151690.5220125786,44.81,44.365,44.5262421383648,2020-12-23,79.81000000000039,79.4199999999994,64423.55214723927,80.43,79.57,80.14728527607359,2020-12-23,223.8200000000007,223.94000000000108,210794.57817109145,223.99,221.55,222.67545722713868
138,2020-12-24,44.4220454545455,44.375,90470.0,44.605,44.21,44.384502923976605,2020-12-24,80.06791469194285,79.76000000000015,39686.92417061611,80.43,79.87,80.16866863905322,2020-12-24,221.55850000000103,221.0199999999992,93614.35,223.605,221.24,222.33240112994363
139,2020-12-28,44.85000000000023,44.540000000000326,150893.26315789475,45.35,44.71,44.933256578947386,2020-12-28,80.66500000000059,80.13999999999966,49268.45222929936,81.125,80.135,80.43947452229305,2020-12-28,224.19999999999865,222.75,173551.67267267266,226.01,223.05,225.0449549549551
140,2020-12-29,44.97999999999969,44.92000000000006,148423.19937694704,45.225,44.515,44.7402647975078,2020-12-29,80.66999999999938,80.45000000000046,70486.98170731707,81.585,80.67,81.23704268292677,2020-12-29,225.7799999999992,224.95999999999987,184420.9968553459,227.14,223.605,224.89666666666665
141,2020-12-30,44.60000000000023,44.639999999999866,98310.35016835017,45.06,44.435,44.64385521885526,2020-12-30,81.50999999999954,81.4199999999994,78794.93670886075,81.73,80.63,81.15523734177216,2020-12-30,224.83999999999816,224.1500000000005,221048.715625,225.61,221.52,222.7201406250001
142,2020-12-31,44.38500000000018,44.4799999999997,140153.92744479494,44.795,44.155,44.33694620253165,2020-12-31,80.61999999999993,80.59000000000012,44866.81632653061,81.895,80.41,80.9030272108844,2020-12-31,221.79000000000028,221.6799999999997,200716.41455696203,222.715,219.69,220.7644778481013
143,2021-01-04,44.52000000000031,44.75,274082.9409937888,44.58,43.35,43.75200310558999,2021-01-04,82.34999999999961,81.79999999999954,154654.3670886076,82.37,79.895,80.55838607594939,2021-01-04,223.07000000000016,222.41999999999868,360775.7628205128,223.1,214.86,217.707419871795
144,2021-01-05,43.57999999999994,43.95999999999968,310649.81433224754,44.065,43.375,43.757573289902254,2021-01-05,81.0,80.95999999999943,144637.71935483871,81.395,79.91,80.58730645161289,2021-01-05,217.55999999999904,217.6900000000009,257744.53184713377,218.5,215.98,217.1064012738854
145,2021-01-06,43.36000000000018,43.97999999999968,228698.89085545723,44.88,43.25,44.53938053097343,2021-01-06,80.36999999999986,81.09999999999964,197405.5221518988,82.74,80.27,82.22235759493665,2021-01-06,214.0100000000001,217.90000000000023,415076.1246290801,216.47,211.99,214.7518694362017
146,2021-01-07,44.22999999999969,44.39999999999976,219150.56,45.09,44.03,44.72769230769233,2021-01-07,82.50999999999955,82.38000000000014,128821.8193548387,84.36,82.1,83.61451612903221,2021-01-07,214.08999999999813,212.25,324241.8517441861,219.345,213.725,217.55393895348817
147,2021-01-08,44.64999999999976,44.95999999999966,319381.6506410256,45.42,44.25,45.06509615384615,2021-01-08,84.33000000000062,84.02000000000037,131152.15506329114,84.33,82.565,82.89753164556971,2021-01-08,217.6600000000018,218.29000000000025,327670.0,220.55,217.035,218.59679999999992
148,2021-01-11,44.809999999999896,45.059999999999896,367268.24437299033,45.96,44.81,45.58281350482316,2021-01-11,82.70999999999941,83.02999999999972,136079.47692307693,85.56,82.65,84.45329230769225,2021-01-11,218.57000000000056,219.6200000000005,257610.3976261128,218.895,216.74,217.93440652818973
149,2021-01-12,44.95000000000022,45.36000000000016,280843.9548387097,45.92,44.95,45.48119354838712,2021-01-12,85.31000000000043,85.0,128542.2679127726,85.35,82.555,83.22281931464174,2021-01-12,217.5299999999992,217.4899999999997,382565.7788161994,217.67,213.33,215.11518691588785
150,2021-01-13,45.35000000000024,45.79000000000033,348605.06375838927,45.97,45.185,45.588104026845656,2021-01-13,83.29000000000059,83.09000000000012,143575.98159509202,83.33,82.29,82.58291411042946,2021-01-13,213.90000000000032,214.9299999999995,359956.146627566,216.75,213.81,215.62390029325525
151,2021-01-14,45.14999999999976,45.36000000000018,363141.42236024846,45.605,44.62,45.32315217391305,2021-01-14,82.68999999999966,82.34000000000012,158228.3122923588,82.795,81.88,82.38707641196014,2021-01-14,215.87000000000089,216.33999999999824,276266.0,217.44,212.76,214.7908281250001
152,2021-01-15,44.90999999999988,45.14999999999976,454667.346749226,45.655,44.82,45.35411764705884,2021-01-15,81.81999999999977,82.16999999999939,133359.96214511042,83.495,81.72,82.83687697160876,2021-01-15,213.59999999999965,213.0199999999991,351457.1323529412,214.51,212.07,213.49713235294112
153,2021-01-19,45.72999999999969,45.43000000000019,311195.853125,45.73,44.765,45.12868750000004,2021-01-19,83.70999999999941,83.38000000000017,158948.12738853504,83.86,82.7,83.05525477707008,2021-01-19,213.8899999999995,212.65000000000103,341005.2,216.98,212.65,214.88386885245893
154,2021-01-20,45.31999999999981,45.19000000000012,205206.253125,45.5,45.15,45.31165625000006,2021-01-20,83.4000000000004,83.1899999999996,163264.6037735849,83.54,82.27,82.82545597484278,2021-01-20,217.8600000000005,216.440000000001,702728.4727272728,225.78,217.3,223.49563636363607
155,2021-01-21,45.20000000000024,45.34000000000012,336843.0218068536,45.245,44.71,45.01263239875389,2021-01-21,82.0,82.45999999999943,169319.22950819673,82.0,80.96,81.28942622950815,2021-01-21,224.629999999999,224.3399999999983,746129.3712374582,226.3,222.44,225.10210702341155
156,2021-01-22,44.84000000000012,45.11000000000017,243617.756329114,44.89,44.22,44.67436708860763,2021-01-22,80.95999999999941,81.18000000000023,191559.5537974684,81.42,80.78,81.14026898734173,2021-01-22,225.74000000000007,224.9700000000008,770551.7223880597,230.045,225.62,227.81719402985087
157,2021-01-25,45.04000000000037,44.77000000000031,193571.04,45.175,44.71,44.9342923076923,2021-01-25,79.95999999999943,80.97999999999965,187813.87306501548,81.125,79.94,80.67199690402468,2021-01-25,229.09999999999985,225.9499999999986,450358.8475609756,229.77,224.35,227.78094512195133
158,2021-01-26,44.8799999999997,45.03000000000024,124951.56097560975,45.36,44.7,45.15388719512196,2021-01-26,81.02000000000035,81.15000000000038,218506.20625,81.06,80.14,80.40787499999998,2021-01-26,231.19000000000108,229.5299999999992,722453.0855457227,234.165,230.08,232.54060471976405
159,2021-01-27,44.95999999999962,45.26000000000018,456923.3529411765,46.46,44.81,45.82938235294119,2021-01-27,79.86000000000033,80.25,323523.7156862745,80.11,76.85,78.05741830065365,2021-01-27,236.1199999999995,232.3300000000014,995777.2835051548,240.435,230.16,235.6677963917529
160,2021-01-28,45.11000000000018,45.70000000000026,323708.03975535167,46.27,45.11,45.77145259938832,2021-01-28,77.15000000000032,77.06999999999978,259436.10280373832,78.5,77.09,78.1783644859813,2021-01-28,232.339999999998,232.89999999999984,938679.1911764706,242.645,229.32,239.36457352941173
161,2021-01-29,44.73999999999982,45.34000000000012,241125.92073170733,45.37,44.49,44.8726524390244,2021-01-29,77.81000000000033,77.91999999999948,212542.94267515923,78.365,76.395,77.33394904458594,2021-01-29,236.0800000000013,238.9299999999988,629731.2435530087,238.02,231.445,234.58322349570207
162,2021-02-01,44.78000000000024,44.57999999999994,179125.3364197531,45.625,44.66,45.27955246913581,2021-02-01,78.04000000000056,77.06999999999978,143598.11803278688,78.33,77.37,77.72575409836067,2021-02-01,234.5,231.9600000000006,521746.93696275074,242.5,232.48,238.62659025787977
163,2021-02-02,45.42000000000006,45.39999999999976,182238.7654320988,45.935,45.4,45.70875,2021-02-02,78.13999999999966,77.36000000000034,162019.8878205128,78.9,77.72,78.57120192307693,2021-02-02,241.7599999999996,239.6499999999997,540988.5402985074,242.28,238.71,240.4635074626866
164,2021-02-03,45.63999999999983,45.82999999999994,217638.96875,46.16,45.535,45.88750000000002,2021-02-03,77.72999999999963,77.77000000000037,136695.8761329305,78.14,77.16,77.58569486404832,2021-02-03,239.8600000000005,239.50999999999965,328604.3878787879,245.09,239.16,242.7653484848485
165,2021-02-04,45.70999999999967,45.7700000000003,613790.2006688963,47.315,45.64,47.01814381270904,2021-02-04,77.36000000000035,77.31999999999977,337090.6280487805,77.36,75.55,76.1638109756098,2021-02-04,243.4149999999996,243.0,435422.4877300613,244.14,240.37,241.2513650306749
166,2021-02-05,47.4799999999997,47.25,597860.1362126246,48.345,47.48,48.07242524916943,2021-02-05,76.41999999999946,76.02999999999982,256570.67289719623,76.98,75.415,75.86481308411219,2021-02-05,242.72000000000085,242.0099999999996,256090.38392857145,243.18,240.44,241.7007142857142
167,2021-02-08,48.60000000000024,48.079999999999934,532192.25,49.335,48.6,48.92040540540538,2021-02-08,75.86999999999998,75.79999999999959,298071.81144781143,76.0,74.655,75.17452861952866,2021-02-08,243.3249999999985,242.1999999999985,244702.5277777777,243.57,240.84,241.76739197530867
168,2021-02-09,48.940000000000126,48.940000000000126,509728.77,48.94,48.41,48.6398,2021-02-09,75.18999999999969,75.04000000000057,207434.46894409927,75.19,74.37,74.77063664596274,2021-02-09,241.74000000000035,242.47000000000085,273141.2966360856,244.76,241.39,243.5281957186543
169,2021-02-10,46.20000000000028,48.5,894471.3834808259,47.405,45.88,46.51685840707964,2021-02-10,75.22000000000023,75.04000000000057,186457.75297619047,75.37,74.54,74.84020833333334,2021-02-10,244.26999999999964,243.76999999999964,358798.7341389728,245.92,240.9,242.6318731117826
170,2021-02-11,47.15999999999988,47.23999999999982,444802.5917721519,47.905,47.16,47.63322784810125,2021-02-11,75.04000000000056,74.88999999999967,155285.94392523365,75.09,74.23,74.60953271028039,2021-02-11,243.66000000000204,242.82000000000124,240840.6696165192,245.105,242.22,243.2986135693212
171,2021-02-12,47.45999999999963,47.579999999999934,256538.1286173633,47.685,46.915,47.150064308681706,2021-02-12,74.75999999999962,74.74000000000038,149126.91900311527,75.08,74.54,74.7326012461059,2021-02-12,244.0800000000013,244.4900000000004,254353.07668711653,244.93,242.78,243.78648773006145
172,2021-02-16,47.39999999999976,47.29000000000037,338008.52411575563,47.4,46.4,46.65892282958198,2021-02-16,75.43999999999969,75.0,143544.0092879257,75.44,74.05,74.31298761609901,2021-02-16,245.6399999999995,244.99000000000063,296340.2927536232,246.105,242.925,244.11133333333345
173,2021-02-17,46.44000000000013,46.51000000000018,171567.85889570552,46.44,45.865,46.1808282208589,2021-02-17,74.70000000000043,74.25,182801.49842271293,76.05,74.37,75.67894321766563,2021-02-17,242.94999999999848,243.69999999999848,278457.0660660661,244.24,240.97,242.6254654654656
174,2021-02-18,45.97999999999969,46.25,218889.42222222223,46.39,45.795,46.05928571428569,2021-02-18,75.5,75.54000000000057,243720.8947368421,75.885,75.07,75.48425696594427,2021-02-18,242.5800000000013,244.19999999999848,181346.03857566768,243.885,240.87,242.20086053412496
175,2021-02-19,46.5200000000003,46.34000000000012,375197.7113402062,46.58,45.575,45.93828178694159,2021-02-19,75.7400000000004,75.40999999999988,255504.48757763967,75.74,74.3,74.8792857142857,2021-02-19,244.5800000000013,243.78999999999965,424273.7570977918,244.66,240.195,241.4726025236592
176,2021-02-22,45.45999999999969,45.68000000000018,357545.34129692835,45.675,44.825,45.33372013651879,2021-02-22,74.38999999999967,74.31000000000027,132923.30891719746,75.06,73.73,74.45729299363062,2021-02-22,237.25,240.9700000000008,803064.6290322581,237.955,232.41,234.6736935483871
177,2021-02-23,45.34000000000012,45.43000000000018,316165.9658703072,45.775,45.1,45.41175767918087,2021-02-23,74.97999999999965,74.93000000000022,134180.7866242038,75.95,74.48,74.86028662420381,2021-02-23,230.32000000000065,234.50999999999985,414659.1851851852,234.82,228.98,232.2059104938271
178,2021-02-24,45.5,45.51000000000018,395439.8732394366,45.795,45.04,45.512500000000045,2021-02-24,74.81999999999978,74.54000000000053,174313.77319587627,75.26,74.39,74.93625429553269,2021-02-24,234.6699999999987,233.2699999999988,405332.1374570447,235.2,229.02,232.6270790378009
179,2021-02-25,45.5800000000005,45.74000000000038,304017.1566666667,46.235,45.24,45.68410000000002,2021-02-25,74.080000000001,74.56999999999975,318579.30263157893,74.99,74.08,74.47083881578946,2021-02-25,232.0200000000012,234.55000000000203,470642.1337579618,234.555,227.89,231.11050955414024
180,2021-02-26,45.58000000000069,45.52000000000037,374113.0440677966,45.79,44.765,45.3055254237288,2021-02-26,74.58999999999911,74.6200000000005,252909.6081081081,74.67,72.59,73.28625000000002,2021-02-26,228.71000000000188,228.9900000000013,308604.6699669967,235.35,228.59,233.1628382838285
181,2021-03-01,45.2799999999997,44.86999999999981,430655.8631578948,46.225,45.16,46.02271929824562,2021-03-01,73.26000000000002,72.62000000000043,183853.385665529,73.38,72.18,72.97554607508529,2021-03-01,235.14000000000084,232.380000000002,359515.5273972603,237.46,233.15,236.5382705479451
182,2021-03-02,45.72999999999963,45.91999999999927,109681.7898089172,46.07,45.41,45.67778662420383,2021-03-02,72.62999999999948,72.3799999999995,279224.159744409,73.5,72.405,72.9131629392971,2021-03-02,236.5399999999985,236.94000000000167,271532.1523809524,237.34,233.465,234.9203809523811
183,2021-03-03,45.56000000000049,45.51499999999962,205916.3435582822,45.56,45.0,45.28133435582827,2021-03-03,73.05999999999968,72.84999999999914,229009.550295858,73.72,72.425,73.04596153846157,2021-03-03,234.70000000000016,233.8699999999978,452233.06232294615,234.78,227.29,229.8961189801698
184,2021-03-04,45.134999999999394,45.13000000000025,345101.56119402987,45.47,44.145,44.79508955223881,2021-03-04,73.18000000000026,73.3000000000006,181650.19886363635,73.36,71.735,72.52313920454542,2021-03-04,227.14000000000183,227.5599999999983,428632.5535248042,232.485,224.265,227.71651436031328
185,2021-03-05,45.08000000000074,44.560000000000485,705027.7699115045,46.735,44.74,46.27047197640116,2021-03-05,72.22000000000065,72.16999999999891,124621.01851851853,73.41,72.03,72.66344135802476,2021-03-05,227.4900000000004,226.7300000000006,371141.1675675676,233.26,225.01,229.77587837837825
186,2021-03-08,45.90999999999987,46.25,685431.228125,48.4,45.82,47.793406249999975,2021-03-08,73.55999999999966,73.12999999999941,221576.73273273272,75.565,73.42,74.85618618618619,2021-03-08,228.86999999999784,231.6000000000029,407476.3304843305,233.35,227.175,230.46747863247865
187,2021-03-09,47.58000000000077,47.50999999999936,441816.4106583072,48.37,47.58,48.14034482758619,2021-03-09,74.59999999999914,74.16999999999888,300275.33229813667,75.43,74.17,74.81545031055902,2021-03-09,231.85999999999856,227.3900000000012,329394.4610778443,235.37,231.64,233.9653143712574
188,2021-03-10,47.61999999999972,47.88999999999961,244939.332247557,48.79,47.61,48.48529315960912,2021-03-10,74.58000000000114,74.13999999999955,215407.3680981595,75.23,74.13,74.86700920245406,2021-03-10,233.350000000003,233.779999999999,336854.3123209169,236.95,232.05,234.2598137535816
189,2021-03-15,48.75999999999944,48.819999999999766,286454.3987138264,49.44,48.7,49.16913183279743,2021-03-15,74.87999999999963,74.5999999999992,395634.72039473685,76.56,74.88,76.0454276315789,2021-03-15,235.14999999999745,235.75,382519.5736677116,236.5,231.81,233.275235109718
190,2021-03-16,49.45999999999938,49.40999999999987,287257.928125,49.755,49.185,49.52725000000002,2021-03-16,76.36000000000044,76.2300000000005,365301.3102310231,77.16,76.165,76.73028052805277,2021-03-16,235.67999999999645,234.80999999999835,408715.9484848485,240.06,235.57,238.5061212121213
191,2021-03-17,49.50999999999989,49.66999999999975,1746.6,49.6,49.23,49.482000000000006,2021-03-17,76.76000000000005,76.80999999999977,326308.41194968554,77.49,75.97,76.97625786163525,2021-03-17,235.85000000000267,237.7100000000019,302599.85846153845,238.54,233.25,235.4876769230769
192,2021-03-18,49.02999999999967,49.41999999999928,256723.14057507983,49.57,48.58,49.22370607028752,2021-03-18,77.23999999999997,77.30000000000042,289259.42319749214,78.18,77.225,77.73263322884016,2021-03-18,233.7400000000015,237.0399999999981,408495.11550151976,234.18,230.35,232.40063829787223
193,2021-03-19,48.95000000000048,48.79999999999952,333046.1904761905,49.19,48.32,48.81669841269841,2021-03-19,77.40000000000084,77.26999999999936,392869.4,78.085,76.025,76.786703125,2021-03-19,231.8800000000019,230.72000000000097,303877.3333333333,232.45,229.35,231.17912912912928
194,2021-03-22,49.020000000000366,48.979999999999634,488270.8388157895,50.37,48.98,49.925263157894754,2021-03-22,77.45999999999928,77.51000000000006,217107.1480263158,77.695,75.88,77.09437499999999,2021-03-22,232.2700000000008,230.35000000000247,361807.8971962617,236.885,230.38,235.5221495327102
195,2021-03-23,50.13999999999962,50.29999999999952,375767.7185430463,50.67,49.9,50.33440397350992,2021-03-23,77.27999999999936,77.51000000000008,189163.56172839503,77.53,76.035,76.62660493827164,2021-03-23,236.58000000000072,235.9900000000017,337173.7898089172,241.055,236.16,239.4048726114653
196,2021-03-24,50.13999999999963,50.00999999999942,508185.9528619529,50.455,49.55,50.12574074074076,2021-03-24,76.33999999999915,76.2699999999994,153385.24691358025,76.675,75.95,76.40655864197531,2021-03-24,239.08000000000047,237.58000000000047,390127.4228395062,239.08,235.34,236.6119135802469
197,2021-03-25,50.319999999999766,49.65000000000047,627559.5085324232,51.4,50.285,50.57549488054602,2021-03-25,76.22000000000065,76.23999999999991,188424.3440233236,76.59,75.355,75.77027696793003,2021-03-25,234.82499999999905,235.4600000000019,385257.5538922156,236.92,231.58,233.22642215568865
198,2021-03-26,50.36000000000031,50.50999999999972,82032.60784313726,51.485,50.3,51.13058823529413,2021-03-26,76.22000000000064,76.06999999999975,105649.14285714286,77.44,75.86,76.56705357142866,2021-03-26,231.880000000002,232.33999999999736,353273.63746223564,236.475,230.64,233.9772658610272
199,2021-03-29,52.24000000000044,52.569999999999766,141816.95698924732,52.935,52.24,52.517311827957,2021-03-29,77.29999999999993,77.38999999999959,52734.2,78.55,77.18,77.4502631578947,2021-03-29,235.9199999999985,236.47999999999905,127587.02061855672,236.77,231.885,233.4590206185566
200,2021-04-01,51.88000000000027,51.709999999999376,288819.05576208176,52.08,51.345,51.82609665427508,2021-04-01,77.2099999999993,77.08999999999911,147429.35294117648,77.46,76.82,77.0574458204335,2021-04-01,238.58000000000047,235.77000000000064,356569.5714285714,242.625,238.06,241.2746984126983
201,2021-04-05,51.74000000000064,51.97999999999963,337987.4921135647,52.92,51.54,52.558895899053645,2021-04-05,77.4800000000006,77.08999999999915,320552.1022364217,77.91,76.775,77.29825878594245,2021-04-05,242.2400000000012,242.35000000000272,495779.0489296636,249.975,242.03,248.2815596330276
202,2021-04-06,52.40000000000055,52.40999999999987,247309.72136222912,52.4,51.79,52.01510835913309,2021-04-06,77.01000000000005,77.0,363472.1104100946,77.01,75.64,76.40255520504729,2021-04-06,248.47000000000097,249.0700000000037,266877.7974683544,249.395,246.895,248.4418512658225
203,2021-04-07,52.06000000000053,52.02500000000054,208833.5202492212,52.16,51.57,51.73501557632397,2021-04-07,76.0650000000002,75.7900000000007,179895.75471698114,76.405,75.72,75.95130503144662,2021-04-07,247.9900000000013,247.8599999999992,265594.0551948052,250.92,247.19,249.7666396103898
204,2021-04-08,51.779999999999625,51.77000000000037,142152.0668789809,52.0,51.445,51.68528662420382,2021-04-08,76.3399999999991,76.1200000000005,213936.31764705884,76.42,75.28,75.83416176470584,2021-04-08,252.3268465430023,249.8999999999972,174909.9846625767,254.14,251.92,252.94452453987728
205,2021-04-09,51.59999999999947,51.90999999999987,230872.28037383177,52.16,51.55,51.84862928348904,2021-04-09,75.51000000000002,75.48999999999998,87917.03058103975,76.375,75.43,75.93033639143732,2021-04-09,252.52999999999903,253.25,235820.1070336392,255.945,252.0,254.30704892966355
206,2021-04-12,52.060000000000535,52.09000000000013,149350.64615384614,52.14,51.47,51.75646153846151,2021-04-12,76.5,76.30999999999979,155739.12578616352,76.6,75.99,76.30889937106923,2021-04-12,255.4100000000027,255.8500000000028,362921.0548387097,257.665,254.62,256.4018225806451
207,2021-04-13,51.569999999999766,51.569999999999766,177778.8796680498,51.88,51.35,51.52921161825729,2021-04-13,76.24000000000025,76.22000000000055,103572.09349593495,76.765,75.885,76.33941056910565,2021-04-13,255.91000000000264,255.91000000000264,223071.56343283583,259.165,255.91,257.85429104477606
208,2021-04-14,51.65999999999987,51.65999999999987,322389.44884488446,51.685,51.135,51.375280528052805,2021-04-14,76.30000000000037,76.43000000000025,137338.62460567823,76.78,76.02,76.3618296529969,2021-04-14,259.0539899833021,258.4900000000005,162467.07055214723,259.75,255.155,256.83918711656435
209,2021-04-15,51.540000000000624,51.369999999999735,246417.0891719745,51.935,51.36,51.606464968152856,2021-04-15,76.40000000000083,76.40000000000083,285206.55792682926,77.305,76.24,76.78667682926825,2021-04-15,257.8599999999985,255.5899999999973,293162.5078864353,259.92,257.71,258.94277602523687
210,2021-04-16,52.3100000000005,51.63999999999962,437795.38383838383,53.185,52.15,52.89013468013467,2021-04-16,77.15499999999936,76.66000000000088,179207.41463414635,77.75,76.815,77.30310975609758,2021-04-16,259.60000000000286,259.5,247919.5277777777,260.915,257.66,259.9157098765432
211,2021-04-19,52.56000000000052,52.79999999999951,263326.16613418533,52.97,52.49,52.7497124600639,2021-04-19,77.72000000000065,77.47000000000065,88903.6276923077,77.79,76.965,77.44372307692312,2021-04-19,260.3399999999973,260.7400000000006,269565.54938271607,261.475,257.83,259.0620216049385
212,2021-04-20,52.669999999999234,52.84999999999947,635871.0131147541,52.795,51.595,51.920868852459,2021-04-20,77.73500000000044,77.66000000000089,328630.7217125382,79.135,77.66,78.69729357798168,2021-04-20,258.0500000000004,258.74000000000086,264219.1092715232,260.18,256.845,258.1819701986756
213,2021-04-21,51.75999999999939,51.79000000000062,350623.4238410596,52.08,51.48,51.82149006622518,2021-04-21,79.0,78.56999999999975,177801.29712460065,79.49,78.665,79.24958466453683,2021-04-21,258.3599999999985,258.25999999999937,293611.536977492,260.64,257.28,259.2454180064308
214,2021-04-22,51.88999999999962,51.93000000000024,256698.05956112847,52.085,51.385,51.77307210031347,2021-04-22,79.01999999999933,79.23000000000069,320684.72615384613,79.02,77.565,78.06646153846155,2021-04-22,260.1700000000006,260.5799999999994,296493.70977917983,261.71,255.65,259.1608832807574
215,2021-04-23,51.50999999999939,51.5,198611.33986928104,52.13,51.16,51.80947712418301,2021-04-23,77.83000000000109,77.95999999999928,82259.45425867508,78.19,77.465,77.90088328075713,2021-04-23,257.88000000000216,257.17000000000047,262009.4398734177,261.505,257.33,260.09996835443025
216,2021-04-26,51.70000000000049,51.90999999999987,218245.07467532463,51.82,51.495,51.63612012987011,2021-04-26,78.0,77.8799999999995,113141.06853582554,78.0,77.305,77.54006230529603,2021-04-26,260.720000000001,261.14999999999714,226782.2129032258,262.4,260.44,261.33483870967746
217,2021-04-27,51.52000000000037,51.63999999999962,153427.196875,51.665,51.34,51.49626562499999,2021-04-27,77.41999999999891,77.52999999999935,172499.16615384616,77.92,77.245,77.50327692307688,2021-04-27,262.3399999999973,261.54999999999984,644915.6726190476,263.18,252.0,261.30248511904773
218,2021-04-28,51.63000000000027,51.36999999999973,237921.675,51.77,50.92,51.23631250000001,2021-04-28,77.55000000000048,77.36000000000045,147758.2439759036,78.02,76.86,77.17980421686748,2021-04-28,254.98000000000056,261.970000000001,639718.6480938416,256.62,252.97,254.49580645161296
219,2021-04-29,51.06000000000051,51.11000000000038,436063.8734177216,51.6,50.82,51.23640822784811,2021-04-29,75.5400000000007,77.08999999999914,464667.6459627329,75.74,72.855,73.44403726708077,2021-04-29,255.07000000000383,254.5599999999983,668289.9446153846,256.09,249.0,251.70684615384607
220,2021-04-30,51.189999999999486,51.45999999999937,215626.06927710844,51.235,50.4,50.67840361445781,2021-04-30,73.58000000000105,73.68000000000025,270198.95705521473,75.07,73.5,74.58484662576683,2021-04-30,250.13000000000207,252.50999999999925,301957.6533742331,253.085,249.65,251.52194785276075
221,2021-05-03,50.970000000000375,50.90999999999987,221976.86666666667,51.4,50.81,51.12685714285714,2021-05-03,74.19000000000017,74.5,191422.0,76.01,74.19,75.52194528875378,2021-05-03,252.82000000000383,252.1799999999961,300060.22222222225,254.35,251.13,252.25761261261263
222,2021-05-04,50.93999999999949,51.16999999999924,356596.32915360504,51.23,50.28,50.598463949843286,2021-05-04,76.0400000000007,75.98000000000064,132071.93805309734,76.46,75.525,75.88162241887915,2021-05-04,250.1000000000028,251.8599999999987,359821.7133956386,251.155,245.76,247.37557632398767
223,2021-05-05,50.81999999999976,50.709999999999376,175335.00964630226,51.255,50.675,51.043263665594864,2021-05-05,76.12000000000049,75.98999999999994,169344.48985507246,77.66,75.74,76.96259420289853,2021-05-05,248.92000000000013,247.7899999999984,189963.13931888543,249.49,245.825,247.82738390092857
224,2021-05-06,50.959999999999376,51.13000000000026,703284.5436893204,52.72,50.95,52.24760517799352,2021-05-06,76.76000000000009,77.69999999999949,161166.53392330382,77.85,76.7,77.34070796460178,2021-05-06,246.10000000000267,246.47000000000097,281417.4356435643,249.84,244.69,247.1238613861389
225,2021-05-07,52.5,52.43999999999947,420500.0702875399,53.675,52.22,53.33741214057505,2021-05-07,77.41000000000088,77.77999999999936,151079.17080745345,78.665,77.41,78.26481366459632,2021-05-07,250.05000000000047,249.73000000000005,313454.1761006289,254.28,250.0,252.97680817610072
226,2021-05-10,53.54000000000064,53.43000000000024,366379.6037735849,54.14,53.15,53.75039308176101,2021-05-10,78.48000000000067,78.41000000000092,221164.95412844035,79.18,78.16,78.6940672782874,2021-05-10,251.55999999999835,252.46000000000151,198208.62732919256,251.73,247.14,249.7654503105592
227,2021-05-11,53.0,53.15999999999987,327753.5219941349,53.4,52.09,52.55565982404688,2021-05-11,77.87000000000056,78.16999999999888,206680.1709401709,78.655,77.19,77.827094017094,2021-05-11,244.2700000000002,247.17999999999623,590193.3569230769,246.595,242.58,245.2525538461538
228,2021-05-12,52.83000000000081,52.83000000000081,288835.48358208954,52.94,51.46,51.77668656716416,2021-05-12,77.25,77.45999999999928,129398.2831858407,78.53,77.25,78.20884955752216,2021-05-12,244.77999999999903,246.22999999999988,344510.3824451411,245.65,238.11,240.23271159874628
229,2021-05-13,51.65999999999987,51.59999999999946,264008.8111455108,52.81,51.54,52.50777089783281,2021-05-13,77.8099999999997,78.0,185990.4293785311,78.995,77.65,78.59196327683621,2021-05-13,240.48000000000005,239.0,378046.11627906974,245.57,240.36,243.4614389534884
230,2021-05-14,52.90000000000057,52.49000000000066,199077.0120481928,53.225,52.605,52.92902108433736,2021-05-14,78.94999999999948,78.6900000000003,114180.20658682636,79.13,78.26,78.62612275449106,2021-05-14,245.74000000000112,243.02999999999903,208215.246105919,249.18,245.02,247.8781464174454
231,2021-05-17,52.75999999999934,52.90000000000056,253499.6030769231,53.16,52.67,52.85639999999996,2021-05-17,78.62000000000057,78.29000000000072,117821.17699115044,80.17,78.62,79.74094395280233,2021-05-17,247.10000000000267,248.14999999999728,209865.07260726072,247.24,243.53,244.6146864686469
232,2021-05-18,52.90000000000055,52.93999999999947,287855.3044871795,53.345,52.735,53.07584935897436,2021-05-18,79.23000000000067,79.87000000000056,128761.86544342508,79.79,78.895,79.48659021406728,2021-05-18,246.83999999999736,245.1799999999963,212679.3665594856,246.84,242.9,245.2471864951769
233,2021-05-19,52.25,52.93000000000024,413663.61818181816,52.67,48.9,52.03703896103895,2021-05-19,78.94999999999948,79.37999999999943,127631.29618768329,79.4,77.96,78.85932551319645,2021-05-19,239.0700000000037,243.08,257132.9550898204,243.21,238.735,241.2779191616767
234,2021-05-20,49.61999999999975,52.4700000000004,945153.03125,52.98,49.54,52.30721875,2021-05-20,78.73999999999984,79.36000000000045,97884.44606413992,79.985,78.74,79.69871720116619,2021-05-20,243.0700000000037,243.119999999998,149597.18827160494,247.945,242.95,246.64069444444456
235,2021-05-21,52.49000000000064,52.849999999999454,468203.4398734177,52.99,52.23,52.56621835443039,2021-05-21,79.94000000000032,79.66000000000098,138040.4090909091,80.34,79.1,79.51427272727277,2021-05-21,247.2700000000002,246.47999999999976,266501.9935483871,248.3,244.745,245.98090322580632
236,2021-05-24,52.72999999999963,52.43000000000024,301306.6369426752,53.775,52.71,53.543152866242025,2021-05-24,79.47499999999916,79.18000000000025,156857.02492211838,79.65,78.965,79.34414330218073,2021-05-24,246.58000000000013,245.1699999999998,353275.3057324841,251.16,246.58,250.27603503184704
237,2021-05-25,53.45000000000051,53.38999999999961,322405.66246056784,53.56,53.14,53.350835962145055,2021-05-25,79.06999999999975,79.02999999999936,137734.50161812297,79.095,77.55,77.97208737864075,2021-05-25,252.3800000000021,250.77999999999903,194030.8987341772,252.67,250.825,251.4079905063288
238,2021-05-26,53.5,53.31000000000052,301991.8613861386,53.63,52.82,53.10242574257424,2021-05-26,77.58000000000109,77.5,153093.26234567902,77.765,76.965,77.39750000000002,2021-05-26,252.4200000000001,251.72000000000097,184057.8306709265,252.91,250.78,251.30573482428136
239,2021-05-27,52.74000000000064,52.90999999999987,301798.6558441558,53.34,52.575,52.75423701298703,2021-05-27,77.4199999999989,77.23000000000066,159830.38554216866,77.59,75.885,76.57682228915658,2021-05-27,250.60000000000272,251.49000000000103,191752.9517684888,251.45,249.265,250.46610932475872
240,2021-05-28,53.15999999999987,52.91999999999921,207338.03470031545,53.22,52.8,52.99149842271294,2021-05-28,76.02999999999936,75.91999999999891,211717.9151515152,76.4,75.8,76.05484848484852,2021-05-28,250.7100000000017,249.30999999999835,291876.4426229508,252.075,249.59,251.04639344262284
241,2021-06-01,53.1199999999997,52.90000000000055,280686.4179566564,53.31,52.42,52.61551083591328,2021-06-01,76.23999999999992,75.88999999999955,264989.3982035928,76.28,75.03,75.33636227544903,2021-06-01,250.73000000000016,249.67999999999623,268645.1060606061,251.35,246.99,248.4774848484847
242,2021-06-02,52.7000000000005,52.61999999999971,243276.0447284345,52.995,52.43,52.833258785942505,2021-06-02,75.48000000000056,75.18000000000025,154096.17737003058,76.08,75.285,75.7322629969419,2021-06-02,247.72000000000097,247.39999999999728,209075.34603174604,249.255,245.85,247.47453968253967
243,2021-06-03,52.63999999999961,52.95999999999937,282041.10256410256,53.56,52.58,53.27407051282054,2021-06-03,72.77999999999938,75.87000000000052,205376.37026239067,73.995,72.64,73.55908163265312,2021-06-03,245.4199999999998,247.30000000000072,271831.2125,246.34,243.0,245.12728125000004
244,2021-06-04,53.34000000000013,53.33000000000079,203002.3057324841,54.17,53.32,53.98643312101915,2021-06-04,74.27999999999938,73.91000000000076,269978.2453416149,74.48,73.905,74.14049689440992,2021-06-04,245.8599999999992,245.7100000000017,213282.9596273292,251.65,245.86,250.57902173913024
245,2021-06-07,54.04000000000064,54.06999999999976,305625.1948051948,54.44,53.78,53.92785714285715,2021-06-07,74.12999999999961,74.11000000000044,306820.1873015873,74.2,72.79,73.17703174603177,2021-06-07,250.42000000000013,250.78999999999849,256621.79047619048,254.07,249.64,252.2069206349206
246,2021-06-08,53.93999999999947,53.919999999999206,198223.4119601329,54.4,53.89,54.233122923588056,2021-06-08,73.0,72.8000000000003,226513.9714285714,73.165,72.075,72.30242857142865,2021-06-08,255.25999999999908,253.80999999999835,201853.40322580645,255.96,252.52,253.58738709677428
247,2021-06-09,54.31999999999976,54.13000000000029,278794.5789473684,54.41,53.925,54.17725328947369,2021-06-09,72.98500000000044,72.40000000000079,190012.99059561128,74.295,72.97,74.00136363636375,2021-06-09,254.01999999999992,252.5700000000037,205790.0097719869,255.52,253.21,254.42241042345245
248,2021-06-10,54.0,54.02000000000037,337543.9966555184,55.08,54.0,54.78324414715721,2021-06-10,74.80000000000032,74.0400000000007,356529.0,76.47,74.74,76.08283870967742,2021-06-10,252.77999999999903,253.5899999999973,265869.1560509554,257.455,252.53,256.35506369426747
249,2021-06-11,55.13000000000032,55.02999999999958,264518.7662337662,55.34,54.54,54.78600649350647,2021-06-11,76.68000000000025,76.13999999999956,236260.8227848101,76.8,75.605,75.98775316455696,2021-06-11,258.14000000000146,257.2400000000007,182126.58675078864,258.48,256.61,257.46632492113594
250,2021-06-14,54.79999999999949,54.77000000000037,282360.7119205298,54.8,53.51,53.84839403973511,2021-06-14,75.74,76.26999999999943,165924.2229299363,75.74,74.88,75.11329617834394,2021-06-14,258.4400000000017,257.89000000000146,185225.3216560509,259.86,256.8,258.02969745222936
251,2021-06-15,54.18000000000024,54.16999999999919,232619.7435897436,54.31,53.73,53.8955448717949,2021-06-15,75.5400000000007,75.44999999999963,294449.09206349205,75.76,74.72,75.30750793650795,2021-06-15,260.0399999999987,259.89000000000146,148654.23659305993,260.2,257.68,258.73878548895897
252,2021-06-16,53.7999999999995,53.79000000000063,236863.0223642173,53.92,53.135,53.672364217252365,2021-06-16,76.22000000000062,75.69999999999966,282588.4210526316,77.54,76.22,77.04696594427246,2021-06-16,258.25999999999914,258.3599999999988,228335.1943573668,260.58,254.435,258.3838087774293
253,2021-06-17,53.119999999999706,53.4700000000004,423539.5442622951,53.55,53.005,53.22942622950819,2021-06-17,76.43000000000025,76.61000000000045,192751.7981651376,77.465,75.985,76.76295107033643,2021-06-17,256.23,257.3800000000021,348243.14285714284,261.75,255.55,259.89980519480525
254,2021-06-18,53.02000000000037,53.13000000000031,319372.3523809524,53.02,51.87,52.195317460317455,2021-06-18,76.9800000000006,77.2300000000006,151782.5736677116,77.22,76.165,76.71191222570529,2021-06-18,260.5799999999996,260.89999999999714,371148.77243589744,262.29,258.85,260.52189102564097
255,2021-06-21,52.36000000000039,52.06999999999976,294630.6148867314,53.41,52.24,53.13972491909391,2021-06-21,76.80500000000025,76.61000000000045,145680.6955223881,77.285,76.55,76.82004477611939,2021-06-21,260.3399999999973,259.42999999999614,296832.26948051946,263.5,257.93,261.9164123376623
256,2021-06-22,53.20999999999936,53.18000000000024,147912.83495145632,53.37,52.805,53.041893203883504,2021-06-22,76.77999999999936,76.75,168794.13719512196,76.78,76.01,76.2771798780487,2021-06-22,263.3599999999984,262.63000000000216,209620.5448916409,265.8,262.42,264.5464551083591
257,2021-06-23,53.20000000000051,53.25999999999932,214360.77300613496,53.36,52.585,52.84892638036808,2021-06-23,75.94499999999975,76.19000000000014,285805.5050167224,76.26,75.56,75.79016722408029,2021-06-23,266.1799999999961,265.5099999999996,195680.43465045592,266.83,264.44,265.31457446808525
258,2021-06-24,52.95999999999937,52.75999999999935,268725.25796178344,53.045,52.615,52.77514331210194,2021-06-24,75.85500000000053,75.58000000000106,182817.2233009709,76.635,75.74,76.35922330097088,2021-06-24,266.710000000001,265.274999999997,260440.51351351352,267.85,266.02,266.7759909909911
259,2021-06-25,52.74000000000064,52.77999999999962,200725.84193548388,53.195,52.65,53.02145161290324,2021-06-25,76.09999999999918,76.36000000000044,325444.0156739812,77.955,76.0,76.70927899686517,2021-06-25,266.9400000000017,266.6900000000017,142934.98757763975,267.29,264.76,265.6407608695653
260,2021-06-28,53.16999999999921,53.060000000000535,157084.72435897434,53.3,52.915,53.09374999999998,2021-06-28,77.09999999999916,77.19999999999955,207540.4827586207,77.74,76.79,77.12648902821309,2021-06-28,266.4600000000009,265.01999999999936,239609.46483180427,268.9,265.91,267.9888226299693
261,2021-06-29,53.02000000000037,52.95999999999937,169224.28213166143,53.185,52.76,52.91144200626958,2021-06-29,76.88999999999956,76.86000000000044,124741.62422360248,77.325,76.84,76.98490683229805,2021-06-29,268.51999999999936,268.720000000001,242801.3363363364,271.65,268.03,270.3851501501501
262,2021-06-30,53.0,52.90999999999987,231510.48220064724,53.065,52.61,52.86862459546928,2021-06-30,77.37999999999958,77.20999999999931,438288.9627118644,78.085,77.23,77.82727118644067,2021-06-30,270.85999999999814,271.399999999997,244822.25742574257,271.355,269.615,270.50235973597376
